,Unnamed: 0,road,km,type,name,length,condition,lat,lon,model_type,id
0,0.0,N1,287.453,sink,sink,0.0,A,22.1208049,92.0719438,sink,0
1,,N1,287.042,link,link,836.0,,22.124269350515448,92.0714725138144,link,1
2,1.0,N1,286.631,RCC Girder Bridge,Noyakhalar Muk Bridge,27.9,A,22.1277338010309,92.0710012276288,bridge,2
3,,N1,286.5045,link,link,284.0,,22.12882491480115,92.07080184952865,link,3
4,2.0,N1,286.378,PC Girder Bridge,PATANER PULL(BRIDGE,34.6,A,22.1299160285714,92.0706024714285,bridge,4
5,,N1,286.229,link,link,323.0,,22.131218435714253,92.07037950403719,link,5
6,3.0,N1,286.08,Box Culvert,PATATR PULL CULVERT,15.4,A,22.1325208428571,92.0701565366459,bridge,6
7,,N1,285.83,link,link,514.0,,22.1347365378956,92.07004333239479,link,7
8,4.0,N1,285.58,Box Culvert,MOULOVER DOKAN,12.4,A,22.1369522329341,92.0699301281437,bridge,8
9,,N1,284.85699999999997,link,link,1457.0,,22.1434022737486,92.06978159999414,link,9
10,5.0,N1,284.134,Box Culvert,KATGOR CULVERT,9.2,A,22.1498523145631,92.0696330718446,bridge,10
11,,N1,283.564,link,link,1250.0,,22.1542397976041,92.06891969076099,link,11
12,6.0,N1,282.994,RCC Girder Bridge,Sangu Bridge,211.0,B,22.1586272806451,92.0682063096774,bridge,12
13,,N1,281.6465,link,link,2807.0,,22.1662725880879,92.06074942662639,link,13
14,7.0,N1,280.299,Box Culvert,NOYARHAT,12.3,B,22.1739178955307,92.0532925435754,bridge,14
15,,N1,278.28999999999996,link,link,4029.0,,22.189450827655648,92.0458118887895,link,15
16,8.0,N1,276.281,Box Culvert,KHOLGHAR CUL,9.2,B,22.2049837597806,92.0383312340036,bridge,16
17,,N1,276.11199999999997,link,link,368.0,,22.206043206813348,92.0373318519668,link,17
18,9.0,N1,275.943,RCC Girder Bridge,Mazar Point Bridge,50.8,D,22.2071026538461,92.03633246993,bridge,18
19,,N1,275.30150000000003,link,link,1313.0,,22.21134500216575,92.0326777546737,link,19
20,10.0,N1,274.66,Box Culvert,GASBAREA COLLEGE BOX CULVERT,9.2,A,22.2155873504854,92.0290230394174,bridge,20
21,,N1,274.269,link,link,794.0,,22.21892967014065,92.02820081868825,link,21
22,11.0,N1,273.878,Box Culvert,GASBAREA BOX CULVERT,14.0,A,22.2222719897959,92.0273785979591,bridge,22
23,,N1,273.66049999999996,link,link,447.0,,22.22416642132815,92.02692181682849,link,23
24,12.0,N1,273.443,Box Culvert,NORTH JOARA PAKKAR DOKAN,9.4,B,22.2260608528604,92.0264650356979,bridge,24
25,,N1,273.2255,link,link,446.0,,22.22877933777275,92.0257153484045,link,25
26,13.0,N1,273.008,Steel Beam & RCC Slab,Kanchon Nagar Bridge,12.7,B,22.2314978226851,92.0249656611111,bridge,26
27,,N1,272.682,link,link,665.0,,22.23406618796125,92.02411520501595,link,27
28,14.0,N1,272.356,Box Culvert,KANCHANAGAR CUL,14.0,A,22.2366345532374,92.0232647489208,bridge,28
29,,N1,272.123,link,link,480.0,,22.2385103554287,92.0225282912662,link,29
30,15.0,N1,271.89,Box Culvert,ROWSONAT CUL,14.0,A,22.24038615762,92.0217918336116,bridge,30
31,,N1,271.26599999999996,link,link,1260.0,,22.2445495862681,92.01881296809955,link,31
32,16.0,N1,270.642,Box Culvert,MOJAFFORABAD,9.4,A,22.2487130149162,92.0158341025875,bridge,32
33,,N1,270.31600000000003,link,link,660.0,,22.25091648815715,92.01390298776789,link,33
34,17.0,N1,269.99,Box Culvert,MOJAFFORABAD BOX CULVERT,6.0,A,22.2531199613981,92.0119718729483,bridge,34
35,,N1,269.8555,link,link,277.0,,22.25402872193035,92.0111370008398,link,35
36,18.0,N1,269.721,Box Culvert,MOJAFFARABAD,9.2,A,22.2549374824626,92.0103021287313,bridge,36
37,,N1,269.46000000000004,link,link,532.0,,22.2569945340884,92.0092066262704,link,37
38,19.0,N1,269.199,Box Culvert,AJIMPUR CUL,9.8,C,22.2590515857142,92.0081111238095,bridge,38
39,,N1,269.0765,link,link,257.0,,22.26010648015545,92.0077073538402,link,39
40,20.0,N1,268.954,RCC Girder Bridge,KHORNA BVS STATION,14.8,C,22.2611613745967,92.0073035838709,bridge,40
41,,N1,268.38599999999997,link,link,1145.0,,22.2661254747983,92.00645041693545,link,41
42,21.0,N1,267.818,Box Culvert,KHORNA CULVERT,3.0,A,22.2710895749999,92.00559725,bridge,42
43,,N1,267.121,link,link,1402.0,,22.27611602214855,92.0025772098108,link,43
44,22.0,N1,266.424,Box Culvert,KOMOLMUNSHE HAT BOX CULVERT,14.0,B,22.2811424692972,91.9995571696216,bridge,44
45,,N1,265.95349999999996,link,link,978.0,,22.283537242731903,91.99593318381079,link,45
46,23.0,N1,265.483,PC Girder Bridge,SRIMI BRIDGE,60.5,C,22.2859320161666,91.992309198,bridge,46
47,,N1,264.92600000000004,link,link,1150.0,,22.288538607953903,91.98783801161315,link,47
48,24.0,N1,264.369,Box Culvert,PALYA BUS STATION,12.4,A,22.2911451997412,91.9833668252263,bridge,48
49,,N1,263.2425,link,link,2285.0,,22.29587340207055,91.97460629891316,link,49
50,25.0,N1,262.116,PC Girder Bridge,PATIYA BRIDGE,50.8,C,22.3006016043999,91.9658457726,bridge,50
51,,N1,260.95550000000003,link,link,2348.0,,22.30452050716175,91.95711723528215,link,51
52,26.0,N1,259.795,Box Culvert,UZIRPUR HIGH SCHOOL,3.0,A,22.3084394099236,91.9483886979643,bridge,52
53,,N1,258.8675,link,link,1859.0,,22.311097985361748,91.94118596458216,link,53
54,27.0,N1,257.94,Steel Beam & RCC Slab,Pirol,5.3,A,22.3137565607999,91.9339832312,bridge,54
55,,N1,257.41499999999996,link,link,1054.0,,22.3147516848736,91.9291678221789,link,55
56,28.0,N1,256.89,Box Culvert,UTTOR SONAPUR,3.0,A,22.3157468089473,91.9243524131578,bridge,56
57,,N1,256.634,link,link,515.0,,22.314750746028352,91.92233502548481,link,57
58,29.0,N1,256.378,Box Culvert,MONSHA CULVERT,3.0,A,22.3137546831094,91.9203176378118,bridge,58
59,,N1,255.9415,link,link,880.0,,22.3110368354226,91.91726646937761,link,59
60,30.0,N1,255.505,Box Culvert,MUNSHA BOX CULVERT(L,10.8,B,22.3083189877358,91.9142153009434,bridge,60
61,31.0,N1,255.505,Box Culvert,tassi bazer(R,3.0,A,22.3083189877358,91.9142153009434,bridge,61
62,,N1,254.91899999999998,link,link,1175.0,,22.30592776898255,91.90931901136615,link,62
63,32.0,N1,254.333,Box Culvert,KUSUMPUR BOX CULVERT,3.0,A,22.3035365502293,91.9044227217889,bridge,63
64,,N1,254.055,link,link,559.0,,22.30281956421155,91.90184050208384,link,64
65,33.0,N1,253.777,Box Culvert,SHANTERHAT BOX CULVERT,3.1,B,22.3021025781938,91.8992582823788,bridge,65
66,,N1,253.1415,link,link,1274.0,,22.30046975063535,91.8933047823343,link,66
67,34.0,N1,252.506,Box Culvert,SHANTERHAT CULVERT,3.0,B,22.2988369230769,91.8873512822898,bridge,67
68,,N1,252.022,link,link,1028.0,,22.2975533965194,91.88405204228555,link,68
69,35.0,N1,251.538,PC Girder Bridge,SHIKALBAHA BRIDGE,116.5,C,22.2962698699619,91.8807528022813,bridge,69
70,,N1,251.4095,link,link,317.0,,22.2953676113168,91.87873538682766,link,70
71,36.0,N1,251.281,Box Culvert,SHIKALBAHA BOX CULVERT,3.0,A,22.2944653526717,91.876717971374,bridge,71
72,,N1,251.061,link,link,443.0,,22.2935366414365,91.87486904452365,link,72
73,37.0,N1,250.841,Box Culvert,SHIKALBAHA MORE,3.0,A,22.2926079302013,91.8730201176733,bridge,73
74,,N1,250.68,link,link,325.0,,22.292125035688848,91.87165562942485,link,74
75,38.0,N1,250.519,Box Culvert,NOLBILA CULVERT,3.0,A,22.2916421411764,91.8702911411764,bridge,75
76,,N1,250.36700000000002,link,link,306.0,,22.292439386044848,91.86936360314084,link,76
77,39.0,N1,250.215,Slab Culvert,ISLAMPUR CULVERT,1.5,A,22.2932366309133,91.8684360651053,bridge,77
78,,N1,249.9445,link,link,543.0,,22.295385828484797,91.86739954830965,link,78
79,40.0,N1,249.674,Box Culvert,KADUMTOLI CULVERT,3.0,A,22.2975350260563,91.866363031514,bridge,79
80,,N1,249.51100000000002,link,link,330.0,,22.2989100777039,91.86583053111535,link,80
81,41.0,N1,249.348,Box Culvert,SHIKALBAHA BOX CULVERT,5.7,B,22.3002851293515,91.8652980307167,bridge,81
82,,N1,249.19400000000002,link,link,312.0,,22.3014543408893,91.864431363902,link,82
83,42.0,N1,249.04,Box Culvert,SOUTH MITTACHORI,3.0,A,22.3026235524271,91.8635646970873,bridge,83
84,,N1,248.7695,link,link,550.0,,22.30454065421355,91.86200686254365,link,84
85,43.0,N1,248.499,Box Culvert,SHIKALBAHA,15.2,C,22.306457756,91.860449028,bridge,85
86,,N1,248.06799999999998,link,link,875.0,,22.309692134451602,91.8583154720645,link,86
87,44.0,N1,247.637,RCC Girder Bridge,SHIKALBAHA BRIDGE,11.0,C,22.3129265129032,91.856181916129,bridge,87
88,,N1,246.82850000000002,link,link,2080.0,,22.3197858249092,91.854470653134,link,88
89,45.0,N1,246.02,Truss With Timber Deck,Hajrath Sha Amanath Satu,914.0,C,22.3266451369152,91.852759390139,bridge,89
90,,N1,245.4975,link,link,1527.0,,22.330780236885403,91.85307864726019,link,90
91,46.0,N1,244.975,RCC Girder Bridge,Rajakhali Bridge,49.31,C,22.3349153368556,91.8533979043814,bridge,91
92,,N1,244.9155,link,link,164.0,,22.3353413292525,91.85362579858244,link,92
93,47.0,N1,244.856,RCC Girder Bridge,Tulatuli Bridge,40.38,C,22.3357673216494,91.8538536927835,bridge,93
94,,N1,244.61149999999998,link,link,529.0,,22.33765333625465,91.85362042538435,link,94
95,48.0,N1,244.367,RCC Girder Bridge,5 No hafez bazar Bridge,39.67,C,22.3395393508599,91.8533871579852,bridge,95
96,,N1,243.6325,link,link,1496.0,,22.34590341116765,91.85300460391059,link,96
97,49.0,N1,242.898,RCC Girder Bridge,BAKULIA BRIDGE,14.7,B,22.3522674714754,91.852622049836,bridge,97
98,,N1,242.457,link,link,892.0,,22.356086607037298,91.85244577082655,link,98
99,50.0,N1,242.016,Box Culvert,BOALIA BOX CULVERT,4.65,C,22.3599057425992,91.8522694918171,bridge,99
100,,N1,236.99099999999999,link,link,10054.0,,22.36479493512935,91.8130976813695,link,100
101,51.0,N1,231.966,Box Culvert,CORNAIL HAT BOX CULVERT,3.0,A,22.3696841276595,91.7739258709219,bridge,101
102,,N1,231.4435,link,link,1051.0,,22.374692655163052,91.7704867621276,link,102
103,52.0,N1,230.921,Box Culvert,GLAXO BOX CULVERT,8.3,A,22.3797011826666,91.7670476533333,bridge,103
104,,N1,230.5255,link,link,797.0,,22.3824735326933,91.76477665554665,link,104
105,53.0,N1,230.13,Box Culvert,PAKKA MATA BOX CULVERT,3.0,A,22.38524588272,91.76250565776,bridge,105
106,,N1,229.66649999999998,link,link,938.0,,22.388981708641097,91.7607969357924,link,106
107,54.0,N1,229.203,PC Girder Bridge,GAMMON BRIDGE,18.0,A,22.3927175345622,91.7590882138248,bridge,107
108,,N1,229.0,link,link,416.0,,22.394528708794347,91.75867168595124,link,108
109,55.0,N1,228.797,Box Culvert,T. B HOSPITAL GATE BOX CULVERT,3.0,A,22.3963398830265,91.7582551580777,bridge,109
110,,N1,228.413,link,link,772.0,,22.399677213763248,91.75741463716385,link,110
111,56.0,N1,228.029,Box Culvert,VATIARI CULVERT,5.0,A,22.4030145445,91.75657411625,bridge,111
112,,N1,226.8655,link,link,2347.0,,22.41252804905,91.752297547725,link,112
113,57.0,N1,225.702,PC Girder Bridge,DHAMAKHALI BRIDGE,35.1,B,22.4220415536,91.7480209792,bridge,113
114,,N1,224.8775,link,link,1687.0,,22.4285576727459,91.7438368492216,link,114
115,58.0,N1,224.053,RCC Girder Bridge,VATERIE BRIDGE,40.0,A,22.4350737918918,91.7396527192432,bridge,115
116,,N1,223.898,link,link,332.0,,22.4362886567567,91.73915933329724,link,116
117,59.0,N1,223.743,Box Culvert,HASNA BAD BOX CULVERT,3.0,A,22.4375035216216,91.7386659473513,bridge,117
118,,N1,223.215,link,link,1071.0,,22.44179142743135,91.73701668802849,link,118
119,60.0,N1,222.687,RCC Girder Bridge,SALAKHARPAD BRIDGE,26.3,C,22.4460793332411,91.7353674287057,bridge,119
120,,N1,222.522,link,link,345.0,,22.4474710918141,91.73482490907075,link,120
121,61.0,N1,222.357,Box Culvert,KODOM RASUL BOX CULVERT,3.0,A,22.4488628503871,91.7342823894358,bridge,121
122,,N1,221.541,link,link,1646.0,,22.45565074279355,91.7314065447179,link,122
123,62.0,N1,220.725,RCC Girder Bridge,Modonhat Bridge,24.32,D,22.4624386352,91.7285307,bridge,123
124,,N1,220.076,link,link,1313.0,,22.4676458622772,91.7258970270668,link,124
125,63.0,N1,219.427,Box Culvert,HATIBORI BOX CULVERT,6.0,A,22.4728530893544,91.7232633541336,bridge,125
126,,N1,218.934,link,link,1001.0,,22.477008651915497,91.7218133586926,link,126
127,64.0,N1,218.441,RCC Girder Bridge,Baro Aulia,24.33,D,22.4811642144766,91.7203633632516,bridge,127
128,,N1,218.19150000000002,link,link,513.0,,22.48335611068655,91.71994715748784,link,128
129,65.0,N1,217.942,Box Culvert,BARAOWLLA BOX CULVERT,4.5,A,22.4855480068965,91.7195309517241,bridge,129
130,,N1,217.6595,link,link,569.0,,22.48799430226445,91.71890181255876,link,130
131,66.0,N1,217.377,Box Culvert,GORA MARI BOX CULVERT,3.0,B,22.4904405976324,91.7182726733934,bridge,131
132,,N1,216.7865,link,link,1191.0,,22.4952632156045,91.71621158195215,link,132
133,67.0,N1,216.196,RCC Girder Bridge,GORA MARA RCC GIRDER BRIDGE,17.6,A,22.5000858335766,91.7141504905109,bridge,133
134,,N1,215.8315,link,link,740.0,,22.50305393867505,91.7127176561988,link,134
135,68.0,N1,215.467,Box Culvert,ROYL CIMINT GATE CULVETRT,4.5,A,22.5060220437735,91.7112848218867,bridge,135
136,,N1,215.137,link,link,676.0,,22.508684580092847,91.710037805409,link,136
137,69.0,N1,214.807,RCC Girder Bridge,BORO KUMIRA BRIDGE,27.0,C,22.5113471164122,91.7087907889313,bridge,137
138,,N1,214.0965,link,link,1443.0,,22.51714151656555,91.7063137026161,link,138
139,70.0,N1,213.386,Arch Masonry,KYSTELGATE ARCH,16.3,B,22.5229359167189,91.7038366163009,bridge,139
140,,N1,212.9345,link,link,913.0,,22.5266518602825,91.702150369579,link,140
141,71.0,N1,212.483,Box Culvert,GULAM JUTE MILE BOX CULVERT,3.0,A,22.5303678038461,91.7004641228571,bridge,141
142,,N1,211.958,link,link,1056.0,,22.5346989136577,91.69850469867345,link,142
143,72.0,N1,211.433,Box Culvert,SOTTANA MONDIR CULVERT,8.2,A,22.5390300234693,91.6965452744898,bridge,143
144,,N1,211.1045,link,link,664.0,,22.5417598995528,91.6953381765176,link,144
145,73.0,N1,210.776,Box Culvert,DOKHIN BASH-KHALI BOX CULVERT,5.2,A,22.5444897756363,91.6941310785454,bridge,145
146,,N1,210.626,link,link,304.0,,22.5456312483636,91.6933785694545,link,146
147,74.0,N1,210.476,Box Culvert,SOUTH BALSH KHALI BOX CULVERT,3.0,A,22.5467727210909,91.6926260603636,bridge,147
148,,N1,209.995,link,link,974.0,,22.5505523493633,91.6907111876365,link,148
149,75.0,N1,209.514,RCC Girder Bridge,BARSH BARIA BRIDGE,21.6,B,22.5543319776357,91.6887963149094,bridge,149
150,,N1,209.269,link,link,503.0,,22.5564265319488,91.6881512787007,link,150
151,76.0,N1,209.024,Box Culvert,OHIDPUR BOX CULVERT,4.1,A,22.5585210862619,91.687506242492,bridge,151
152,,N1,208.562,link,link,928.0,,22.5624711889491,91.68634445306415,link,152
153,77.0,N1,208.1,Box Culvert,R. R TEXTAIL BOX CULVERT,4.5,A,22.5664212916363,91.6851826636363,bridge,153
154,,N1,208.00650000000002,link,link,193.0,,22.56720904904125,91.68493466206604,link,154
155,78.0,N1,207.913,Box Culvert,CHARA KANDI BOX CULVERT,8.2,A,22.5679968064462,91.6846866604958,bridge,155
156,,N1,207.7765,link,link,279.0,,22.569143699751997,91.68434816305779,link,156
157,79.0,N1,207.64,Box Culvert,PHPMORE BON CULVERT,3.0,A,22.5702905930578,91.6840096656198,bridge,157
158,,N1,207.253,link,link,781.0,,22.5735418080043,91.6828162035749,link,158
159,80.0,N1,206.866,Box Culvert,BARO-CUNDHOW BOX CULVERT,10.2,A,22.5767930229508,91.68162274153,bridge,159
160,,N1,206.58300000000003,link,link,572.0,,22.579150848793148,91.6805808914647,link,160
161,81.0,N1,206.3,Box Culvert,BAROGINDO CULVERT,2.5,A,22.5815086746355,91.6795390413994,bridge,161
162,,N1,205.9575,link,link,697.0,,22.5842718457061,91.67829175504579,link,162
163,82.0,N1,205.615,RCC Girder Bridge,BAROCONDO BRIDGE,22.25,C,22.5870350167767,91.6770444686922,bridge,163
164,,N1,205.19,link,link,863.0,,22.590461598584398,91.67546670272844,link,164
165,83.0,N1,204.765,Box Culvert,HATILOTA BOX CULVERT,4.5,A,22.5938881803921,91.6738889367647,bridge,165
166,,N1,204.55349999999999,link,link,430.0,,22.595527378522,91.67285407212685,link,166
167,84.0,N1,204.342,Box Culvert,SKM BOX CULVERT(1,9.3,B,22.5971665766519,91.671819207489,bridge,167
168,,N1,203.99650000000003,link,link,698.0,,22.5997586358049,91.6700779705512,link,168
169,85.0,N1,203.651,Box Culvert,KALIAVA BOX CULVERT,4.5,B,22.6023506949579,91.6683367336134,bridge,169
170,,N1,203.554,link,link,198.0,,22.603095068067148,91.66785564621844,link,170
171,86.0,N1,203.457,Box Culvert,DOKHIN MOHADEB PUR BOX CULVERT,2.95,A,22.6038394411764,91.6673745588235,bridge,171
172,,N1,202.946,link,link,1025.0,,22.60779755768495,91.66497161597084,link,172
173,87.0,N1,202.435,Box Culvert,MADICAL MORE CULVERT,3.0,A,22.6117556741935,91.6625686731182,bridge,173
174,,N1,202.21699999999998,link,link,440.0,,22.61337282141045,91.6614178617225,link,174
175,88.0,N1,201.999,Slab Culvert,PURBOMOHADAB PUR SLAB CULVERT(L,4.6,A,22.6149899686274,91.6602670503268,bridge,175
176,89.0,N1,201.999,Box Culvert,DULAHAJRA(R,4.6,A,22.6149899686274,91.6602670503268,bridge,176
177,,N1,201.7595,link,link,483.0,,22.6163731588196,91.65916299710014,link,177
178,90.0,N1,201.52,Box Culvert,MOHADAB PUR BOX CULVERT,3.0,A,22.6177563490118,91.6580589438735,bridge,178
179,,N1,201.219,link,link,605.0,,22.620401260091448,91.6567630985133,link,179
180,91.0,N1,200.918,Slab Culvert,SITAKUNDA SLAB,3.0,A,22.6230461711711,91.6554672531531,bridge,180
181,,N1,200.7465,link,link,348.0,,22.624439254260203,91.6548265042874,link,181
182,92.0,N1,200.575,Box Culvert,UTTOR SITAKONDO BAZAR BOX CULVERT,6.1,B,22.6258323373493,91.6541857554217,bridge,182
183,,N1,200.426,link,link,303.0,,22.6269994863217,91.65347179062644,link,183
184,93.0,N1,200.277,Box Culvert,EGOL PUR BOX CULVERT,3.0,A,22.6281666352941,91.6527578258312,bridge,184
185,,N1,199.8895,link,link,778.0,,22.6312476035813,91.65098277621125,link,185
186,94.0,N1,199.502,Box Culvert,KACHAI POTTI BOX CULVERT,3.0,A,22.6343285718685,91.6492077265913,bridge,186
187,,N1,199.3905,link,link,226.0,,22.635212581416752,91.64870848362415,link,187
188,95.0,N1,199.279,Box Culvert,KACHAI PATH BOX CULVERT,3.0,A,22.636096590965,91.648209240657,bridge,188
189,,N1,198.5625,link,link,1441.0,,22.641776351098052,91.6450631788598,link,189
190,96.0,N1,197.846,Box Culvert,BOTTOL BOX CULVERT,12.4,A,22.6474561112311,91.6419171170626,bridge,190
191,,N1,197.618,link,link,464.0,,22.649263532987803,91.64097561826365,link,191
192,97.0,N1,197.39,Box Culvert,NUNA CHARA BOX CULVERT,4.6,A,22.6510709547445,91.6400341194647,bridge,192
193,,N1,197.1575,link,link,469.0,,22.6528916920781,91.6389801479676,link,193
194,98.0,N1,196.925,Box Culvert,RONA SORA CULVERT,3.1,A,22.6547124294117,91.6379261764705,bridge,194
195,,N1,196.4815,link,link,890.0,,22.658154055446552,91.63572595953156,link,195
196,99.0,N1,196.038,Box Culvert,SATU DURUAR HAT BOX CULVERT,3.0,A,22.6615956814814,91.6335257425926,bridge,196
197,,N1,195.7695,link,link,540.0,,22.663689789794752,91.63232755035034,link,197
198,100.0,N1,195.501,Box Culvert,MIRJA PUR (3 BOX CULVERT,3.0,A,22.6657838981081,91.6311293581081,bridge,198
199,,N1,195.2495,link,link,506.0,,22.66787166861925,91.63024126383665,link,199
200,101.0,N1,194.998,Box Culvert,Tarial Bazar Culvert,3.0,A,22.6699594391304,91.6293531695652,bridge,200
201,,N1,194.5735,link,link,854.0,,22.6734683691174,91.62808505746915,link,201
202,102.0,N1,194.149,Box Culvert,TARAT BOX CULVERT,6.0,A,22.6769772991044,91.6268169453731,bridge,202
203,,N1,193.5495,link,link,1204.0,,22.6819235319051,91.624427763863,link,203
204,103.0,N1,192.95,Box Culvert,BORO KAMALDA BOX CULVERT,3.2,A,22.6868697647058,91.6220385823529,bridge,204
205,,N1,192.67899999999997,link,link,546.0,,22.6890607397603,91.62110381988015,link,205
206,104.0,N1,192.408,Box Culvert,VANGGARPOL BOX CULVERT,4.2,A,22.6912517148148,91.6201690574074,bridge,206
207,,N1,191.7575,link,link,1313.0,,22.6965341093759,91.61757125914986,link,207
208,105.0,N1,191.107,Box Culvert,DUKHIN UTHPAR BOX CULVERT,19.2,A,22.701816503937,91.6149734608923,bridge,208
209,,N1,190.3435,link,link,1546.0,,22.7078446211091,91.61160434138361,link,209
210,106.0,N1,189.58,Box Culvert,ISAMATI BOX CULVERT,19.2,C,22.7138727382812,91.6082352218749,bridge,210
211,,N1,189.35500000000002,link,link,461.0,,22.71557173625595,91.6071718532451,link,211
212,107.0,N1,189.13,Box Culvert,MIRZAPUR (2 BOX CULVERT,3.0,A,22.7172707342307,91.6061084846153,bridge,212
213,,N1,189.094,link,link,75.0,,22.71754756038455,91.60593540769224,link,213
214,108.0,N1,189.058,Box Culvert,MIRJAPUR BOX CULVERT,3.0,A,22.7178243865384,91.6057623307692,bridge,214
215,,N1,188.704,link,link,711.0,,22.7205705710057,91.6040977356072,link,215
216,109.0,N1,188.35,Box Culvert,NIAZAMPUR BOX CULVERT,3.0,A,22.723316755473,91.6024331404452,bridge,216
217,,N1,187.096,link,link,2514.0,,22.73391520390835,91.5984165159908,link,217
218,110.0,N1,185.842,Box Culvert,BOTHAGIA (-3 BOX CULVERT,8.1,B,22.7445136523437,91.5943998915364,bridge,218
219,,N1,185.45,link,link,790.0,,22.7475765009563,91.59264196430266,link,219
220,111.0,N1,185.058,Box Culvert,VARTAGIA BOX CULVERT,3.0,A,22.7506393495689,91.5908840370689,bridge,220
221,,N1,184.856,link,link,412.0,,22.752102337040498,91.5897422303637,link,221
222,112.0,N1,184.654,Box Culvert,VARTAKA BOX CULVERT,12.9,A,22.7535653245121,91.5886004236585,bridge,222
223,,N1,183.975,link,link,1366.0,,22.758314007951398,91.58452715288885,link,223
224,113.0,N1,183.296,Box Culvert,BOKIMTOLA BOX CULVERT,4.0,A,22.7630626913907,91.5804538821192,bridge,224
225,,N1,182.80700000000002,link,link,985.0,,22.766657178744353,91.57777220161395,link,225
226,114.0,N1,182.318,Box Culvert,IANAINIPOL BOX CULVERT.,9.7,A,22.770251666098,91.5750905211087,bridge,226
227,,N1,182.07150000000001,link,link,501.0,,22.772224379049,91.57398213655429,link,227
228,115.0,N1,181.825,Box Culvert,Mirsorai(2 box culvert,6.0,A,22.774197092,91.5728737519999,bridge,228
229,,N1,181.33749999999998,link,link,990.0,,22.77819699192555,91.5709881590985,link,229
230,116.0,N1,180.85,RCC Girder Bridge,MIRAISORI BRIDGE,23.2,B,22.7821968918511,91.5691025661971,bridge,230
231,,N1,180.10649999999998,link,link,1501.0,,22.78818912209185,91.56603191423446,link,231
232,117.0,N1,179.363,Box Culvert,MIRSARAI BOX CUL,4.5,A,22.7941813523326,91.5629612622718,bridge,232
233,,N1,178.305,link,link,2123.0,,22.802872394989798,91.55960873760645,link,233
234,118.0,N1,177.247,Box Culvert,MUCHIPOOL CULVERT,9.5,B,22.811563437647,91.5562562129411,bridge,234
235,,N1,176.51600000000002,link,link,1473.0,,22.817967047722547,91.55447387917695,link,235
236,119.0,N1,175.785,Box Culvert,PURPU DURGAPURE BOX CUL,12.4,C,22.8243706577981,91.5526915454128,bridge,236
237,,N1,175.399,link,link,780.0,,22.82766599999995,91.55159719999995,link,237
238,120.0,N1,175.013,Box Culvert,RAIPUR (2 BOX CULVERT,4.5,A,22.8309613422018,91.5505028545871,bridge,238
239,,N1,174.9085,link,link,213.0,,22.83185405572185,91.5503031780224,link,239
240,121.0,N1,174.804,Box Culvert,RAIPUR BOX CUL-1,3.0,A,22.8327467692419,91.5501035014577,bridge,240
241,,N1,174.3315,link,link,948.0,,22.8369205513348,91.5494565983209,link,241
242,122.0,N1,173.859,Box Culvert,MUSTAN NAGAR -4,3.0,A,22.8410943334277,91.5488096951841,bridge,242
243,,N1,173.722,link,link,276.0,,22.842274735463853,91.54847962571705,link,243
244,123.0,N1,173.585,Box Culvert,MASTARI HAGOR 3 CULVERT,1.5,A,22.8434551375,91.54814955625,bridge,244
245,,N1,173.4675,link,link,237.0,,22.8444233134868,91.5478092386513,link,245
246,124.0,N1,173.35,Box Culvert,MUSTAU NOGAR(2,3.0,A,22.8453914894736,91.5474689210526,bridge,246
247,,N1,173.15949999999998,link,link,387.0,,22.84700438297205,91.54691976640865,link,247
248,125.0,N1,172.969,Box Culvert,MASTANNAGOR BONCUL(1,8.5,A,22.8486172764705,91.5463706117647,bridge,248
249,,N1,172.59949999999998,link,link,744.0,,22.851882404606897,91.54609639836019,link,249
250,126.0,N1,172.23,Slab Culvert,MAMAFAKIR ASTANA SLAB CULVERT,1.5,A,22.8551475327433,91.5458221849557,bridge,250
251,,N1,172.176,link,link,110.0,,22.855602050008,91.5457705279324,link,251
252,127.0,N1,172.122,Box Culvert,MAMAFOUN ASTANA CULVERT,1.5,A,22.8560565672727,91.5457188709091,bridge,252
253,,N1,171.925,link,link,396.0,,22.8577706777659,91.54559943484725,link,253
254,128.0,N1,171.728,Box Culvert,MADDUM SONAPHAR-3,2.0,A,22.8594847882591,91.5454799987854,bridge,254
255,,N1,171.64100000000002,link,link,177.0,,22.860236237755,91.54531758524925,link,255
256,129.0,N1,171.554,Box Culvert,DHARBAR TILA CULVERT,4.3,A,22.8609876872509,91.5451551717131,bridge,256
257,,N1,171.1395,link,link,832.0,,22.8645220287318,91.5442257528778,link,257
258,130.0,N1,170.725,Box Culvert,MADDAM SONAPAR(1 BOX CULVERT,1.5,A,22.8680563702127,91.5432963340425,bridge,258
259,,N1,170.4495,link,link,553.0,,22.87038920255235,91.5424461053306,link,259
260,131.0,N1,170.174,Box Culvert,CHAIRMEN BARI BOX CULVERT,2.0,A,22.872722034892,91.5415958766187,bridge,260
261,,N1,170.05349999999999,link,link,244.0,,22.873710364504802,91.54123977066226,link,261
262,132.0,N1,169.933,Box Culvert,UTTOR SONAPAR BOX CULVERT,4.3,A,22.8746986941176,91.5408836647058,bridge,262
263,,N1,168.94799999999998,link,link,1974.0,,22.883168647058802,91.5381777823529,link,263
264,133.0,N1,167.963,Box Culvert,BAROYARHAT BOX CULVERT,3.0,A,22.8916386,91.5354719,bridge,264
265,,N1,167.221,link,link,1487.0,,22.89794244776115,91.53355083880595,link,265
266,134.0,N1,166.479,Slab Culvert,BOROYAR PARA SLUB CULVERT,3.0,A,22.9042462955223,91.5316297776119,bridge,266
267,,N1,166.152,link,link,659.0,,22.90697959196175,91.53027914053004,link,267
268,135.0,N1,165.825,Box Culvert,BUMGAT BOXCULVERT,6.1,A,22.9097128884012,91.5289285034482,bridge,268
269,,N1,165.504,link,link,756.0,,22.91233879727075,91.52760901926794,link,269
270,136.0,N1,165.183,PC Girder Bridge,DumGhat Bridge(L,222.43,A,22.9149647061403,91.5262895350877,bridge,270
271,137.0,N1,165.183,PC Girder Bridge,DHOOM GHAT PC GIRDER,220.6,B,22.9149647061403,91.5262895350877,bridge,271
272,,N1,162.781,link,link,5010.0,,22.9322886575725,91.51417821730685,link,272
273,138.0,N1,160.379,PC Girder Bridge,MUHURI BRIDGE,191.5,B,22.9496126090047,91.502066899526,bridge,273
274,,N1,159.20499999999998,link,link,2444.0,,22.94910823783565,91.49078314142966,link,274
275,139.0,N1,158.031,Box Culvert,FAZAILPUR BOXCULVERT,1.5,A,22.9486038666666,91.4794993833333,bridge,275
276,,N1,155.937,link,link,4236.0,,22.95502630180175,91.461247793018,link,276
277,140.0,N1,153.843,PC Girder Bridge,LAMUA BRIDGE,94.05,B,22.9614487369369,91.4429962027027,bridge,277
278,,N1,151.16899999999998,link,link,5396.0,,22.9770828364619,91.42387244944295,link,278
279,141.0,N1,148.495,Box Culvert,.,1.9,A,22.9927169359869,91.4047486961832,bridge,279
280,,N1,148.3345,link,link,333.0,,22.993655274645548,91.4036013049618,link,280
281,142.0,N1,148.174,PC Girder Bridge,Rampur Bridge(R,22.15,A,22.9945936133042,91.4024539137404,bridge,281
282,,N1,148.16250000000002,link,link,46.0,,22.9946608462922,91.40237170190835,link,282
283,143.0,N1,148.151,RCC Girder Bridge,RAMPUR BRIDGE,23.4,A,22.9947280792802,91.4022894900763,bridge,283
284,,N1,147.7235,link,link,867.0,,22.9969884176401,91.39903234503815,link,284
285,144.0,N1,147.296,Box Culvert,RAMPUR BOX CULVERT,1.5,A,22.999248756,91.3957752,bridge,285
286,,N1,146.1175,link,link,2359.0,,23.00582679852115,91.38687740749185,link,286
287,145.0,N1,144.939,Box Culvert,CHARIPUR CULVERT.,3.4,A,23.0124048410423,91.3779796149837,bridge,287
288,,N1,143.86599999999999,link,link,2148.0,,23.019692479057703,91.37174004947789,link,288
289,146.0,N1,142.793,Slab Culvert,DEBIPUR SLAB CULVERT,1.6,A,23.0269801170731,91.3655004839721,bridge,289
290,,N1,142.162,link,link,1268.0,,23.032476461314303,91.365589478204,link,290
291,147.0,N1,141.531,Box Culvert,FATAPUR BOX CULVERT,10.8,A,23.0379728055555,91.3656784724359,bridge,291
292,,N1,140.24200000000002,link,link,2585.0,,23.0493600694444,91.3637704671703,link,292
293,148.0,N1,138.953,Box Culvert,MOHAMMAD ALI MAZAR,4.0,B,23.0607473333333,91.3618624619047,bridge,293
294,,N1,138.40449999999998,link,link,1102.0,,23.06547275866665,91.36108233095236,link,294
295,149.0,N1,137.856,Box Culvert,DUTHOSHA BOX CULVERT,6.1,B,23.070198184,91.3603022,bridge,295
296,,N1,137.3775,link,link,967.0,,23.07408144434985,91.35845135156654,link,296
297,150.0,N1,136.899,Box Culvert,KOKALI BOX CULVERT,14.2,B,23.0779647046997,91.3566005031331,bridge,297
298,,N1,136.637,link,link,533.0,,23.0799778289153,91.3553908252857,link,298
299,151.0,N1,136.375,Box Culvert,UTTOR KAIEATI CULVERT,3.5,A,23.0819909531309,91.3541811474383,bridge,299
300,,N1,136.049,link,link,658.0,,23.084533162072653,91.3526956483568,link,300
301,152.0,N1,135.723,Box Culvert,FOEALTPARA BOX CULVERT,9.25,B,23.0870753710144,91.3512101492753,bridge,301
302,,N1,135.3485,link,link,755.0,,23.090052603966498,91.34952049396901,link,302
303,153.0,N1,134.974,Box Culvert,PODOYA BOX CULVERT,3.1,A,23.0930298369186,91.3478308386627,bridge,303
304,,N1,134.7,link,link,554.0,,23.0951905448229,91.3466632347859,link,304
305,154.0,N1,134.426,Box Culvert,ADONCORA,9.5,B,23.0973512527272,91.3454956309091,bridge,305
306,,N1,134.1495,link,link,559.0,,23.09955378668965,91.34432931491105,link,306
307,155.0,N1,133.873,Box Culvert,CHANGARPULL(II BOX CULVERT,3.1,B,23.1017563206521,91.343162998913,bridge,307
308,,N1,133.514,link,link,723.0,,23.10459238289545,91.34160627126205,link,308
309,156.0,N1,133.155,Box Culvert,Chanara Box Culvert,6.1,A,23.1074284451388,91.3400495436111,bridge,309
310,,N1,132.61700000000002,link,link,1082.0,,23.1116268002694,91.33757201430555,link,310
311,157.0,N1,132.079,Box Culvert,KAKKARA CULVERT,5.3,B,23.1158251554,91.335094485,bridge,311
312,,N1,131.828,link,link,507.0,,23.11776126640965,91.3339554989516,link,312
313,158.0,N1,131.577,Slab Culvert,FOKIR BAZAR SLAB CULVERT,4.5,B,23.1196973774193,91.3328165129032,bridge,313
314,,N1,131.24450000000002,link,link,670.0,,23.122466867598497,91.331601440896,link,314
315,159.0,N1,130.912,Box Culvert,HASO BOTHACH BOX CULVERT,6.5,A,23.1252363577777,91.3303863688888,bridge,315
316,,N1,130.4335,link,link,962.0,,23.12925016318725,91.32896639268489,link,316
317,160.0,N1,129.955,Box Culvert,JAGOT PUR BOX CULVERT,3.0,B,23.1332639685968,91.327546416481,bridge,317
318,,N1,129.623,link,link,669.0,,23.136126644315652,91.32695247568435,link,318
319,161.0,N1,129.291,Box Culvert,JAGARNATHPUR BOX CULVERT,6.1,B,23.1389893200345,91.3263585348877,bridge,319
320,,N1,129.029,link,link,529.0,,23.14132804398395,91.32651329095924,link,320
321,162.0,N1,128.767,Box Culvert,DIMATOLY (2 BOX CULVERT,3.5,B,23.1436667679334,91.3266680470308,bridge,321
322,,N1,128.22,link,link,1099.0,,23.14820163143505,91.325492962123,link,322
323,163.0,N1,127.673,Box Culvert,DIMATOLI (1 BOX CULVERT,6.3,B,23.1527364949367,91.3243178772152,bridge,323
324,,N1,127.06049999999999,link,link,1233.0,,23.1581251809279,91.3229534118399,link,324
325,164.0,N1,126.448,Box Culvert,ANDAJER BAZER BOX CULVERT,9.5,A,23.1635138669191,91.3215889464646,bridge,325
326,,N1,125.929,link,link,1044.0,,23.168070549393597,91.32108320537515,link,326
327,165.0,N1,125.41,Box Culvert,NANKORA BOX CULVERT,3.1,B,23.1726272318681,91.3205774642857,bridge,327
328,,N1,124.878,link,link,1070.0,,23.1772115234259,91.32072810787575,link,328
329,166.0,N1,124.346,Box Culvert,BASHONTA PUR (2,9.5,B,23.1817958149837,91.3208787514658,bridge,329
330,,N1,124.0135,link,link,673.0,,23.184615420206953,91.32089194160285,link,330
331,167.0,N1,123.681,Box Culvert,BOSONTA PUR BOX CULVERT,6.1,C,23.1874350254302,91.3209051317399,bridge,331
332,,N1,123.142,link,link,1084.0,,23.19181191040295,91.31928781933814,link,332
333,168.0,N1,122.603,Box Culvert,ATTOCK GRAM BOX CULVERT,6.1,A,23.1961887953757,91.3176705069364,bridge,333
334,,N1,122.085,link,link,1042.0,,23.200613712084703,91.31699361760565,link,334
335,169.0,N1,121.567,Box Culvert,FALGUNCORA CULVERT,6.1,A,23.2050386287937,91.3163167282749,bridge,335
336,,N1,121.1005,link,link,943.0,,23.20911710046925,91.3158332343324,link,336
337,170.0,N1,120.634,Box Culvert,HAYDAR POLE BOX CULVERT,14.3,B,23.2131955721448,91.3153497403899,bridge,337
338,,N1,120.131,link,link,1016.0,,23.217614734961252,91.3145251668616,link,338
339,171.0,N1,119.628,Box Culvert,CHADDAGRAM BAZAR BOX CULVERT,6.0,A,23.2220338977777,91.3137005933333,bridge,339
340,,N1,119.40899999999999,link,link,442.0,,23.2239761725175,91.31363515552741,link,340
341,172.0,N1,119.19,Box Culvert,CHAUDDAGARAM BOX CULVERT,2.6,B,23.2259184472573,91.3135697177215,bridge,341
342,,N1,119.023,link,link,337.0,,23.22741901961075,91.3134958927893,link,342
343,173.0,N1,118.856,Box Culvert,KALIA BAZER BOC CULVERT,3.1,B,23.2289195919642,91.3134220678571,bridge,343
344,,N1,118.4525,link,link,810.0,,23.232497771808248,91.31320613276574,link,344
345,174.0,N1,118.049,Box Culvert,KALIR BAZAR BOX CULVERT,2.5,A,23.2360759516523,91.3129901976744,bridge,345
346,,N1,117.838,link,link,425.0,,23.2379339913096,91.31278214186045,link,346
347,175.0,N1,117.627,Box Culvert,BALUZURI 2 CULVERT,2.6,A,23.2397920309669,91.3125740860465,bridge,347
348,,N1,117.44800000000001,link,link,369.0,,23.241348046465,91.3122740200171,link,348
349,176.0,N1,117.269,Box Culvert,BALUJURI BOX CULVERT,19.2,B,23.2429040619631,91.3119739539877,bridge,349
350,,N1,117.178,link,link,193.0,,23.2436477872778,91.31168859162345,link,350
351,177.0,N1,117.087,Box Culvert,SONAGATI BOX CULVERT,2.5,B,23.2443915125925,91.3114032292592,bridge,351
352,,N1,116.5805,link,link,1016.0,,23.24856892620145,91.30989793489024,link,352
353,178.0,N1,116.074,Box Culvert,HARISHARDE CULVERT,4.5,B,23.2527463398104,91.3083926405213,bridge,353
354,,N1,115.7995,link,link,553.0,,23.255194658649252,91.3080041449644,link,354
355,179.0,N1,115.525,Box Culvert,NOWA PARA BOX CULVERT,3.6,B,23.2576429774881,91.3076156494075,bridge,355
356,,N1,115.4255,link,link,202.0,,23.258529813744047,91.30748837470375,link,356
357,180.0,N1,115.326,Slab Culvert,RANGOWATIA 2 CULVERT,3.0,B,23.25941665,91.3073611,bridge,357
358,,N1,115.189,link,link,277.0,,23.260626372029698,91.30719141930689,link,358
359,181.0,N1,115.052,Box Culvert,RANGAMATIA (1 BOX CULVERT,3.0,B,23.2618360940594,91.3070217386138,bridge,359
360,,N1,114.3845,link,link,1340.0,,23.2674275220297,91.3049939634069,link,360
361,182.0,N1,113.717,Box Culvert,AMAN GONG SLAB CULVERT,6.3,B,23.27301895,91.3029661882,bridge,361
362,,N1,113.09299999999999,link,link,1253.0,,23.27760693791985,91.29981584894495,link,362
363,183.0,N1,112.469,Box Culvert,BOWCHI BAZAR CULVERT,4.6,B,23.2821949258397,91.2966655096899,bridge,363
364,,N1,111.989,link,link,969.0,,23.28595078224255,91.2948119904027,link,364
365,184.0,N1,111.509,Box Culvert,SUPUYA BOX CULVERT,13.4,A,23.2897066386454,91.2929584711155,bridge,365
366,,N1,111.03,link,link,966.0,,23.2938370829065,91.29198630405486,link,366
367,185.0,N1,110.551,Box Culvert,LALGORE BEZER CULVERT,3.2,A,23.2979675271676,91.2910141369942,bridge,367
368,,N1,110.224,link,link,657.0,,23.30069908610035,91.28999558836466,link,368
369,186.0,N1,109.897,Slab Culvert,DHARMA PUR SLAB CULVERT,2.6,B,23.3034306450331,91.2889770397351,bridge,369
370,,N1,109.593,link,link,619.0,,23.3058959590796,91.2877778716043,link,370
371,187.0,N1,109.289,Box Culvert,DOLL BARI CULVERT,19.2,B,23.3083612731261,91.2865787034735,bridge,371
372,,N1,108.707,link,link,1178.0,,23.31321548001995,91.2848327178218,link,372
373,188.0,N1,108.125,Box Culvert,NOYA BAZER BOX CULVERT,9.2,A,23.3180696869138,91.2830867321701,bridge,373
374,,N1,107.322,link,link,1623.0,,23.3241079596569,91.27898300728505,link,374
375,189.0,N1,106.519,Box Culvert,MIABAZAR BOX CULVERT,24.0,A,23.3301462324,91.2748792824,bridge,375
376,,N1,105.636,link,link,1785.0,,23.3364088522,91.2696824592,link,376
377,190.0,N1,104.753,Box Culvert,CHANSIRI BOXCUIVERT,14.3,A,23.342671472,91.264485636,bridge,377
378,,N1,104.1045,link,link,1316.0,,23.34741757471905,91.26088835533619,link,378
379,191.0,N1,103.456,RCC Girder Bridge,LAL BAG RCC GIDER BRIDGE,22.8,C,23.3521636774381,91.2572910746724,bridge,379
380,,N1,102.197,link,link,2545.0,,23.36176422646905,91.25115430808614,link,380
381,192.0,N1,100.938,RCC Girder Bridge,SUAGAZI RCC GIDER BRIDGE,30.4,A,23.3713647755,91.2450175414999,bridge,381
382,,N1,99.0975,link,link,3710.0,,23.38450829764435,91.23421983809291,link,382
383,193.0,N1,97.257,RCC Girder Bridge,Matigara Bridge,27.35,C,23.3976518197887,91.2234221346859,bridge,383
384,,N1,95.4285,link,link,3684.0,,23.40479212140225,91.20866255980326,link,384
385,194.0,N1,93.6,RCC Girder Bridge,Mostapur Bridge,27.35,C,23.4119324230158,91.1939029849206,bridge,385
386,,N1,92.346,link,link,2540.0,,23.4165905967538,91.18089866107854,link,386
387,195.0,N1,91.092,RCC Girder Bridge,Paduar Bazar Bridge,35.97,C,23.4212487704918,91.1678943372365,bridge,387
388,,N1,89.4025,link,link,3408.0,,23.432441365159498,91.15863057617764,link,388
389,196.0,N1,87.713,RCC Girder Bridge,Dhanpur Bridge,22.85,C,23.4436339598272,91.1493668151188,bridge,389
390,,N1,85.351,link,link,4737.0,,23.4615894419136,91.13920697955939,link,390
391,197.0,N1,82.989,Slab Culvert,AMTOLI SLAB CULVERT,2.9,A,23.479544924,91.129047144,bridge,391
392,,N1,82.713,link,link,554.0,,23.47947665603665,91.1264696132844,link,392
393,198.0,N1,82.437,Box Culvert,TIPRA BAZAR BOX CULVERT,1.4,A,23.4794083880733,91.1238920825688,bridge,393
394,,N1,81.693,link,link,1490.0,,23.47876214650575,91.1154626449881,link,394
395,199.0,N1,80.949,Box Culvert,NAZIRA BOX CULVERT,3.0,B,23.4781159049382,91.1070332074074,bridge,395
396,,N1,79.66550000000001,link,link,2569.0,,23.4778940950191,91.0958869233537,link,396
397,200.0,N1,78.382,Slab Culvert,KABILA DUBARCHAR SLAB CULVERT,1.0,C,23.4776722851,91.0847406393,bridge,397
398,,N1,77.4315,link,link,1902.0,,23.479142685550002,91.07607520425,link,398
399,201.0,N1,76.481,Slab Culvert,NIMSHAR SLAB CULVERT,1.5,A,23.480613086,91.0674097692,bridge,399
400,,N1,75.8965,link,link,1172.0,,23.4811814579342,91.0618823689421,link,400
401,202.0,N1,75.312,Box Culvert,COREPAI BOX CULVERT,4.6,B,23.4817498298684,91.0563549686842,bridge,401
402,,N1,74.7955,link,link,1038.0,,23.48176857658745,91.05134492687941,link,402
403,203.0,N1,74.279,Box Culvert,CORI PAI BOX CULVERT,4.6,B,23.4817873233065,91.0463348850746,bridge,403
404,,N1,72.7175,link,link,3137.0,,23.484333958515947,91.0319507888608,link,404
405,204.0,N1,71.156,RCC Girder Bridge,CHANDINA- SHAHA PARA RCC GIDER GRIDGE,23.1,C,23.4868805937254,91.017566692647,bridge,405
406,,N1,69.59800000000001,link,link,3130.0,,23.4900767041627,91.0031433671235,link,406
407,205.0,N1,68.04,Box Culvert,MILL GHAT BOX CULVERT,4.5,A,23.4932728146,90.9887200416,bridge,407
408,,N1,67.10900000000001,link,link,1867.0,,23.4945845643,90.9801486466,link,408
409,206.0,N1,66.178,Slab Culvert,KARON KHAL SLAB CULVERT,4.6,B,23.495896314,90.9715772516,bridge,409
410,,N1,64.858,link,link,2644.0,,23.4986257532,90.95948083024994,link,410
411,207.0,N1,63.538,Box Culvert,SONAPUR BOX CULVERT,3.0,A,23.5013551924,90.9473844088999,bridge,411
412,,N1,63.318,link,link,444.0,,23.5018814886,90.94531315084996,link,412
413,208.0,N1,63.098,Slab Culvert,MATIA BAZER,6.0,B,23.5024077848,90.9432418928,bridge,413
414,,N1,61.964,link,link,2272.0,,23.5040104632,90.9323539573,link,414
415,209.0,N1,60.83,Box Culvert,BAKRA BOX CULVERT,3.0,B,23.5056131416,90.9214660218,bridge,415
416,,N1,59.834,link,link,1996.0,,23.505807787850003,90.91182028035,link,416
417,210.0,N1,58.838,Box Culvert,KHAT GHOR BOX CULVERT,5.9,B,23.5060024341,90.9021745389,bridge,417
418,,N1,57.422,link,link,2849.0,,23.508045096153502,90.88894747121765,link,418
419,211.0,N1,56.006,RCC Girder Bridge,Illiot bazar Bridge,28.9,C,23.510087758207,90.8757204035353,bridge,419
420,,N1,54.1595,link,link,3710.0,,23.5165022117035,90.85996950836764,link,420
421,212.0,N1,52.313,Box Culvert,AITAL BANGA BOX CULVERT,4.5,C,23.5229166652,90.8442186132,bridge,421
422,,N1,51.435500000000005,link,link,1763.0,,23.52794549715,90.83759804469994,link,422
423,213.0,N1,50.558,Box Culvert,RAIPUR BOX CULVERT,12.2,A,23.5329743291,90.8309774761999,bridge,423
424,,N1,49.471000000000004,link,link,2188.0,,23.5323989028,90.82099649484995,link,424
425,214.0,N1,48.384,RCC Bridge,Ginlatoly,15.9,C,23.5318234765,90.8110155135,bridge,425
426,,N1,47.6275,link,link,1524.0,,23.5313459087212,90.80141151533635,link,426
427,215.0,N1,46.871,Slab Culvert,AMIRABATH SLAB CULVERT,6.5,C,23.5308683409424,90.7918075171727,bridge,427
428,,N1,46.0175,link,link,1712.0,,23.5308169345816,90.785943621163,link,428
429,216.0,N1,45.164,Box Culvert,SARKAR BARI CULVERT,3.9,C,23.5307655282208,90.7800797251533,bridge,429
430,,N1,44.05,link,link,2238.0,,23.530285294660402,90.76916648757665,link,430
431,217.0,N1,42.936,RCC Girder Bridge,Shahid Nagor Bridge,16.5,C,23.5298050611,90.75825325,bridge,431
432,,N1,41.397999999999996,link,link,3087.0,,23.53078192214995,90.74371562975,link,432
433,218.0,N1,39.86,Box Culvert,MAIS PARA BOX CULVERT,6.0,B,23.5317587831999,90.7291780095,bridge,433
434,,N1,39.582,link,link,571.0,,23.532088691599952,90.72672936645,link,434
435,219.0,N1,39.304,RCC Girder Bridge,Baldhakhal Bridge,23.1,C,23.5324186,90.7242807234,bridge,435
436,,N1,38.157,link,link,3010.0,,23.53140153665,90.71336049885,link,436
437,220.0,N1,37.01,PC Box,Daud Kandi Bridge,1408.8,C,23.5303844733,90.7024402743,bridge,437
438,,N1,36.3585,link,link,2012.0,,23.530268217975298,90.69611772901746,link,438
439,221.0,N1,35.707,Box Culvert,CHAR BOUSHEA (2,8.4,A,23.5301519626506,90.6897951837349,bridge,439
440,,N1,35.557500000000005,link,link,315.0,,23.530775811586402,90.68862205484746,link,440
441,222.0,N1,35.408,PC Girder Bridge,BORAKANDI BRIDGE(L,24.5,B,23.5313996605222,90.68744892596,bridge,441
442,223.0,N1,35.408,RCC Girder Bridge,CHAR BOWSHIA BRIDGE(R,24.5,B,23.5313996605222,90.68744892596,bridge,442
443,,N1,35.2945,link,link,244.0,,23.53208742519195,90.68665951689705,link,443
444,224.0,N1,35.181,Box Culvert,.,9.5,A,23.5327751898617,90.6858701078341,bridge,444
445,,N1,34.646,link,link,1077.0,,23.53608310333085,90.68216394831705,link,445
446,225.0,N1,34.111,Box Culvert,BOCTAR KANDI BOX CULVERT,5.1,C,23.5393910168,90.6784577888,bridge,446
447,,N1,33.4535,link,link,1320.0,,23.543507830274947,90.67382492721251,link,447
448,226.0,N1,32.796,Box Culvert,NOYAPARA,5.2,A,23.5476246437499,90.669192065625,bridge,448
449,,N1,32.786500000000004,link,link,26.0,,23.54768119419635,90.6691237377232,link,449
450,227.0,N1,32.777,Box Culvert,PURRANBUICHE BOX CULVERT,9.1,A,23.5477377446428,90.6690554098214,bridge,450
451,,N1,32.449,link,link,675.0,,23.5497399676822,90.66670464253954,link,451
452,228.0,N1,32.121,PC Girder Bridge,Baushia Bridge(L,29.9,A,23.5517421907216,90.6643538752577,bridge,452
453,,N1,31.5145,link,link,1241.0,,23.5554666101756,90.66005072281399,link,453
454,229.0,N1,30.908,PC Girder Bridge,ALIPURA BRIDGE (L,26.3,B,23.5591910296296,90.6557475703703,bridge,454
455,,N1,30.375,link,link,1096.0,,23.56259721264085,90.65218564754925,link,455
456,230.0,N1,29.842,Box Culvert,VITIKANDA - ANAR PUR CULVERT,34.7,A,23.5660033956521,90.6486237247282,bridge,456
457,,N1,29.0785,link,link,1626.0,,23.571991710249797,90.64527151686104,link,457
458,231.0,N1,28.315,PC Girder Bridge,BHATIR CHAR BRIDGE,163.5,A,23.5779800248475,90.6419193089939,bridge,458
459,,N1,27.7175,link,link,1280.0,,23.58214907369375,90.6382143648516,link,459
460,232.0,N1,27.12,Box Culvert,MALUAKANDI CULVEDRT,5.6,A,23.58631812254,90.6345094207093,bridge,460
461,,N1,26.786,link,link,674.0,,23.588563488643402,90.6323731402597,link,461
462,233.0,N1,26.452,Box Culvert,BAILAKANDI CULVERT,5.5,A,23.5908088547468,90.6302368598101,bridge,462
463,,N1,26.2835,link,link,343.0,,23.59189536876805,90.62910339845101,link,463
464,234.0,N1,26.115,Box Culvert,TATULTALA CULVERT,5.6,A,23.5929818827893,90.6279699370919,bridge,464
465,,N1,25.253999999999998,link,link,2175.0,,23.5978707356738,90.6217508168297,link,465
466,235.0,N1,24.393,PC Box,MEGHNA BRIDGE,900.0,C,23.6027595885583,90.6155316965675,bridge,466
467,,N1,23.737000000000002,link,link,1820.0,,23.60817348647165,90.61321732635861,link,467
468,236.0,N1,23.081,PC Girder Bridge,ASHIR CHAR (R,116.8,B,23.613587384385,90.6109029561497,bridge,468
469,,N1,22.8385,link,link,656.0,,23.615614090427748,90.61022678336894,link,469
470,237.0,N1,22.596,PC Girder Bridge,Ashariarchar Bridge(R,224.82,B,23.6176407964705,90.6095506105882,bridge,470
471,,N1,22.462,link,link,383.0,,23.61876200971065,90.60895174791705,link,471
472,238.0,N1,22.328,Box Culvert,SANGAKADI CULVERT,5.5,B,23.6198832229508,90.6083528852459,bridge,472
473,,N1,21.756,link,link,1191.0,,23.624175036860002,90.6053272287768,link,473
474,239.0,N1,21.184,PC Girder Bridge,MARIKHALL BRIDGE,89.2,A,23.6284668507692,90.6023015723077,bridge,474
475,,N1,20.7905,link,link,837.0,,23.6311360353846,90.59984782865385,link,475
476,240.0,N1,20.397,Box Culvert,SHADIPUR BOX CULVERT,10.4,B,23.63380522,90.597394085,bridge,476
477,,N1,20.0785,link,link,645.0,,23.6358797957692,90.59553074134615,link,477
478,241.0,N1,19.76,Box Culvert,KRIBORDI BOX CULVERT,6.0,A,23.6379543715384,90.5936673976923,bridge,478
479,,N1,19.251,link,link,1041.0,,23.6419614832268,90.5914396895241,link,479
480,242.0,N1,18.742,PC Girder Bridge,MOLLIK PARA BRIDGE (R,40.5,C,23.6459685949152,90.5892119813559,bridge,480
481,,N1,18.4175,link,link,682.0,,23.647861497135,90.5868804949521,link,481
482,243.0,N1,18.093,PC Girder Bridge,SONARKALI BRIDGE(L,24.5,B,23.6497543993548,90.5845490085483,bridge,482
483,,N1,17.9075,link,link,393.0,,23.6506624828632,90.58302170161924,link,483
484,244.0,N1,17.722,PC Girder Bridge,DARIKANDI BRIDGE (R,20.0,B,23.6515705663716,90.5814943946902,bridge,484
485,245.0,N1,17.722,PC Girder Bridge,DARIKANDI BRIDGE (L,20.0,B,23.6515705663716,90.5814943946902,bridge,485
486,,N1,17.472,link,link,520.0,,23.6527714131858,90.5794524073451,link,486
487,246.0,N1,17.222,PC Girder Bridge,Darikandi Bridge (R,20.45,A,23.65397226,90.57741042,bridge,487
488,247.0,N1,17.222,PC Girder Bridge,Darikandi Bridge (L,20.5,A,23.65397226,90.57741042,bridge,488
489,,N1,17.178,link,link,178.0,,23.6541989825568,90.5770703225,link,489
490,248.0,N1,17.134,RCC Girder Bridge,Langalbandh Bridge.,159.52,C,23.6544257051136,90.576730225,bridge,490
491,,N1,16.299500000000002,link,link,1752.0,,23.65886738736425,90.5702936098985,link,491
492,249.0,N1,15.465,Box Culvert,MALIBAG BOX CULVERT,5.55,B,23.6633090696149,90.563856994797,bridge,492
493,,N1,14.5195,link,link,1900.0,,23.67055628480745,90.55983821489846,link,493
494,250.0,N1,13.574,Box Culvert,KAWTALA BOX CULVERT,11.9,A,23.6778035,90.5558194349999,bridge,494
495,,N1,13.131,link,link,906.0,,23.6815827389671,90.55358930576286,link,495
496,251.0,N1,12.688,PC Girder Bridge,Madanpur Bridge(R,27.5,A,23.6853619779342,90.5513591765258,bridge,496
497,,N1,12.674,link,link,55.0,,23.6854725024806,90.5512835788034,link,497
498,252.0,N1,12.66,PC Girder Bridge,MADAN PUR (R,26.3,A,23.685583027027,90.551207981081,bridge,498
499,253.0,N1,12.66,PC Girder Bridge,Madanpur Bridge.(L,27.5,A,23.685583027027,90.551207981081,bridge,499
500,,N1,12.4565,link,link,424.0,,23.686951380095103,90.54992889436701,link,500
501,254.0,N1,12.253,Box Culvert,DAWAN BAG BOX CULVERT,6.1,A,23.6883197331632,90.548649807653,bridge,501
502,,N1,12.246,link,link,22.0,,23.6883660295918,90.5486041683673,link,502
503,255.0,N1,12.239,Box Culvert,KHAS PARA BOX CULVERT,9.3,A,23.6884123260204,90.5485585290816,bridge,503
504,,N1,12.0235,link,link,441.0,,23.68966212876775,90.54701051241955,link,504
505,256.0,N1,11.808,Box Culvert,NAYABARI BOX CULVERT,10.6,B,23.6909119315151,90.5454624957575,bridge,505
506,,N1,11.552,link,link,521.0,,23.6916360416921,90.54319044273855,link,506
507,257.0,N1,11.296,Box Culvert,NAYABARI KASPUR BOX CULVERT,8.3,A,23.6923601518691,90.5409183897196,bridge,507
508,,N1,11.096499999999999,link,link,406.0,,23.693331269392452,90.5393128808411,link,508
509,258.0,N1,10.897,Box Culvert,ADUPUR CULVERT,6.3,A,23.6943023869158,90.5377073719626,bridge,509
510,,N1,10.8885,link,link,23.0,,23.694346500525953,90.53764072472475,link,510
511,259.0,N1,10.88,Box Culvert,NOYAPARA CULVERT,6.3,A,23.6943906141361,90.5375740774869,bridge,511
512,,N1,10.711500000000001,link,link,344.0,,23.695395350523498,90.5363365287958,link,512
513,260.0,N1,10.543,Box Culvert,KATCHPUR BOX CULVERT,8.0,B,23.6964000869109,90.5350989801047,bridge,513
514,,N1,9.7595,link,link,1770.0,,23.7007299897392,90.529156563228,link,514
515,261.0,N1,8.976,PC Girder Bridge,KANCHPUR PC GIRDER BRIDGE,397.0,C,23.7050598925675,90.5232141463513,bridge,515
516,,N1,6.9505,link,link,4253.0,,23.69986186446555,90.50549453226654,link,516
517,262.0,N1,4.925,Box Culvert,.,6.6,A,23.6946638363636,90.4877749181818,bridge,517
518,,N1,3.3625,link,link,3134.0,,23.6967012481818,90.47331799909085,link,518
519,263.0,N1,1.8,Box Culvert,.,11.3,A,23.69873866,90.4588610799999,bridge,519
520,,N1,0.9,link,link,1806.0,,23.702383230000002,90.45109703999995,link,520
521,264.0,N1,0.0,source,source,0.0,A,23.7060278,90.443333,source,521
