,step,avg_delay,avg_driving_time,conditionA,conditionB,conditionC,conditionD,conditionX
0,0,0.0,0,370,120,129,15,0
1,1,3.052159783304514,0,336,102,114,14,68
2,2,5.542222169925885,0,302,92,108,11,121
3,3,7.268043476236659,0,277,86,102,10,159
4,4,9.214833695678736,0,247,78,90,9,210
5,5,10.892905880780686,0,220,68,83,8,255
6,6,12.258404166014692,0,197,61,76,7,293
7,7,13.637317784197405,0,177,54,70,7,326
8,8,14.477556152540584,0,164,48,63,6,353
9,9,15.32948174309527,0,150,42,58,5,379
10,10,16.197159686378143,0,134,39,55,5,401
11,11,17.733670324574675,0,115,33,51,5,430
12,12,18.516327279990875,0,104,29,47,4,450
13,13,19.246508186732495,0,95,26,42,2,469
14,14,19.826555202703897,0,87,23,41,2,481
15,15,20.087040596389592,0,79,22,40,2,491
16,16,20.638763100767857,0,72,20,34,1,507
17,17,21.22093407177267,0,65,18,30,1,520
18,18,21.39949686019796,0,60,17,30,1,526
19,19,21.848077814653212,0,50,16,28,1,539
20,20,22.243572792622853,0,43,16,27,1,547
21,21,22.785270849704567,0,38,15,24,1,556
22,22,23.425260275586155,0,34,13,19,1,567
23,23,23.887651634318402,0,31,11,16,0,576
24,24,24.07115047300658,0,28,10,15,0,581
25,25,24.28543544161008,0,24,9,14,0,587
26,26,24.424254821764187,0,22,7,12,0,593
27,27,24.56478545234845,0,19,7,12,0,596
28,28,24.783361140406406,0,15,7,11,0,601
29,29,24.824113973569677,0,13,7,11,0,603
30,30,24.96749928396821,0,12,6,11,0,605
31,31,25.107055560760934,0,11,6,9,0,608
32,32,25.162147240679325,0,11,5,8,0,610
33,33,25.183117843818447,0,11,5,7,0,611
34,34,25.220863675461892,0,10,5,7,0,612
35,35,25.239275992154617,0,9,5,7,0,613
36,36,25.475837360481652,0,8,4,6,0,616
37,37,25.616947110761863,0,7,2,5,0,620
38,38,25.698186967048805,0,6,2,4,0,622
39,39,25.742513978171235,0,6,2,3,0,623
40,40,25.7657969560385,0,5,2,3,0,624
41,41,25.929158332516554,0,4,2,2,0,626
42,42,25.929158332516554,0,4,2,2,0,626
43,43,25.99524177005866,0,3,2,2,0,627
44,44,25.926538616643143,0,3,2,2,0,627
45,45,25.926538616643143,0,3,2,2,0,627
46,46,25.96451612334318,0,3,2,1,0,628
47,47,26.00669597794327,0,1,2,1,0,630
48,48,26.00669597794327,0,1,2,1,0,630
49,49,26.034796653754487,0,1,2,1,0,630
50,50,26.034796653754487,0,1,2,1,0,630
51,51,26.033785064338904,0,1,2,1,0,630
52,52,26.05586370462184,0,0,2,1,0,631
53,53,26.05586370462184,0,0,2,1,0,631
54,54,26.077498675562747,0,0,2,1,0,631
55,55,26.14676920182669,0,0,1,1,0,632
56,56,26.14676920182669,0,0,1,1,0,632
57,57,26.187829182281597,0,0,1,0,0,633
58,58,26.187829182281597,0,0,1,0,0,633
59,59,26.18956553786156,0,0,1,0,0,633
60,60,26.18956553786156,0,0,1,0,0,633
61,61,26.189824520828218,0,0,1,0,0,633
62,62,26.1925381938849,0,0,1,0,0,633
63,63,26.1925381938849,0,0,1,0,0,633
64,64,26.170906550424974,0,0,1,0,0,633
65,65,26.170906550424974,0,0,1,0,0,633
66,66,26.171435493209202,0,0,1,0,0,633
67,67,26.172151216504925,0,0,1,0,0,633
68,68,26.172151216504925,0,0,1,0,0,633
69,69,26.172770371843495,0,0,1,0,0,633
70,70,26.172770371843495,0,0,1,0,0,633
71,71,26.172770371843495,0,0,1,0,0,633
72,72,26.198097546559367,0,0,0,0,0,634
73,73,26.198097546559367,0,0,0,0,0,634
74,74,26.21564023172669,0,0,0,0,0,634
75,75,26.21564023172669,0,0,0,0,0,634
76,76,26.220842984078907,0,0,0,0,0,634
77,77,26.213035255405583,0,0,0,0,0,634
78,78,26.213035255405583,0,0,0,0,0,634
79,79,26.13590697259211,0,0,0,0,0,634
80,80,26.13590697259211,0,0,0,0,0,634
81,81,26.179268629748357,0,0,0,0,0,634
82,82,26.179268629748357,0,0,0,0,0,634
83,83,26.129862758014774,0,0,0,0,0,634
84,84,26.125160482204542,0,0,0,0,0,634
85,85,26.158957625117118,0,0,0,0,0,634
86,86,26.158957625117118,0,0,0,0,0,634
87,87,26.158957625117118,0,0,0,0,0,634
88,88,26.158957625117118,0,0,0,0,0,634
89,89,26.194980122802743,0,0,0,0,0,634
90,90,26.194980122802743,0,0,0,0,0,634
91,91,26.194980122802743,0,0,0,0,0,634
92,92,26.194980122802743,0,0,0,0,0,634
93,93,26.194980122802743,0,0,0,0,0,634
94,94,26.191538613617368,0,0,0,0,0,634
95,95,26.191538613617368,0,0,0,0,0,634
96,96,26.191538613617368,0,0,0,0,0,634
97,97,26.2327262559869,0,0,0,0,0,634
98,98,26.2327262559869,0,0,0,0,0,634
99,99,26.21699618701872,0,0,0,0,0,634
100,100,26.2125884124506,0,0,0,0,0,634
101,101,26.21301276688024,0,0,0,0,0,634
102,102,26.209591216139916,0,0,0,0,0,634
103,103,26.207024962670655,0,0,0,0,0,634
104,104,26.211963863501758,0,0,0,0,0,634
105,105,26.211963863501758,0,0,0,0,0,634
106,106,26.211963863501758,0,0,0,0,0,634
107,107,26.205012378993192,0,0,0,0,0,634
108,108,26.214565924257833,0,0,0,0,0,634
109,109,26.174141847664657,0,0,0,0,0,634
110,110,26.174141847664657,0,0,0,0,0,634
111,111,26.174141847664657,0,0,0,0,0,634
112,112,26.174141847664657,0,0,0,0,0,634
113,113,26.16932349451733,0,0,0,0,0,634
114,114,26.157594663804538,0,0,0,0,0,634
115,115,26.160159643519247,0,0,0,0,0,634
116,116,26.160159643519247,0,0,0,0,0,634
117,117,26.160159643519247,0,0,0,0,0,634
118,118,26.174802714086375,0,0,0,0,0,634
119,119,26.171857655954035,0,0,0,0,0,634
120,120,26.163626673738698,0,0,0,0,0,634
121,121,26.154306457232508,0,0,0,0,0,634
122,122,26.15430455647198,0,0,0,0,0,634
123,123,26.15430455647198,0,0,0,0,0,634
124,124,26.14103515969372,0,0,0,0,0,634
125,125,26.130001400171714,0,0,0,0,0,634
126,126,26.14982245899074,0,0,0,0,0,634
127,127,26.14982245899074,0,0,0,0,0,634
128,128,26.14982245899074,0,0,0,0,0,634
129,129,26.160315058247157,0,0,0,0,0,634
130,130,26.160829549384545,0,0,0,0,0,634
131,131,26.146929540594286,0,0,0,0,0,634
132,132,26.158493242604195,0,0,0,0,0,634
133,133,26.187115360947974,0,0,0,0,0,634
134,134,26.224819977985746,0,0,0,0,0,634
135,135,26.21542181094961,0,0,0,0,0,634
136,136,26.23781110233947,0,0,0,0,0,634
137,137,26.207718898210395,0,0,0,0,0,634
138,138,26.16635135014375,0,0,0,0,0,634
139,139,26.159970290512742,0,0,0,0,0,634
140,140,26.204009128316674,0,0,0,0,0,634
141,141,26.202105327603952,0,0,0,0,0,634
142,142,26.201467812497224,0,0,0,0,0,634
143,143,26.201467812497224,0,0,0,0,0,634
144,144,26.153098810316383,0,0,0,0,0,634
145,145,26.15562085558232,0,0,0,0,0,634
146,146,26.15562085558232,0,0,0,0,0,634
147,147,26.156236076461745,0,0,0,0,0,634
148,148,26.157634128114804,0,0,0,0,0,634
149,149,26.221044019029343,0,0,0,0,0,634
150,150,26.221044019029343,0,0,0,0,0,634
151,151,26.221044019029343,0,0,0,0,0,634
152,152,26.221044019029343,0,0,0,0,0,634
153,153,26.224649036221855,0,0,0,0,0,634
154,154,26.207421570618017,0,0,0,0,0,634
155,155,26.161986593992197,0,0,0,0,0,634
156,156,26.16412287805996,0,0,0,0,0,634
157,157,26.200078815137815,0,0,0,0,0,634
158,158,26.22666717072994,0,0,0,0,0,634
159,159,26.190825608432746,0,0,0,0,0,634
160,160,26.190825608432746,0,0,0,0,0,634
161,161,26.189054498254013,0,0,0,0,0,634
162,162,26.192589783877068,0,0,0,0,0,634
163,163,26.11796730752446,0,0,0,0,0,634
164,164,26.10977313019033,0,0,0,0,0,634
165,165,26.10276807057183,0,0,0,0,0,634
166,166,26.10276807057183,0,0,0,0,0,634
167,167,26.10276807057183,0,0,0,0,0,634
168,168,26.102147982059776,0,0,0,0,0,634
169,169,26.13095264954691,0,0,0,0,0,634
170,170,26.130367693965514,0,0,0,0,0,634
171,171,26.130367693965514,0,0,0,0,0,634
172,172,26.150242451682058,0,0,0,0,0,634
173,173,26.169143522101482,0,0,0,0,0,634
174,174,26.167733727415342,0,0,0,0,0,634
175,175,26.176961674076885,0,0,0,0,0,634
176,176,26.188502684258033,0,0,0,0,0,634
177,177,26.188502684258033,0,0,0,0,0,634
178,178,26.18156554384154,0,0,0,0,0,634
179,179,26.173852867029975,0,0,0,0,0,634
180,180,26.173852867029975,0,0,0,0,0,634
181,181,26.158086559036235,0,0,0,0,0,634
182,182,26.19536441551899,0,0,0,0,0,634
183,183,26.07905348246991,0,0,0,0,0,634
184,184,26.114962223909096,0,0,0,0,0,634
185,185,26.121622595558936,0,0,0,0,0,634
186,186,26.121622595558936,0,0,0,0,0,634
187,187,26.121622595558936,0,0,0,0,0,634
188,188,26.123139670265683,0,0,0,0,0,634
189,189,26.116590175707337,0,0,0,0,0,634
190,190,26.116590175707337,0,0,0,0,0,634
191,191,26.116590175707337,0,0,0,0,0,634
192,192,26.1135129108887,0,0,0,0,0,634
193,193,26.129215746601776,0,0,0,0,0,634
194,194,26.14930961020258,0,0,0,0,0,634
195,195,26.11093440550091,0,0,0,0,0,634
196,196,26.12165383184031,0,0,0,0,0,634
197,197,26.11070045454527,0,0,0,0,0,634
198,198,26.11223681645872,0,0,0,0,0,634
199,199,26.06899512063202,0,0,0,0,0,634
200,200,26.06899512063202,0,0,0,0,0,634
201,201,26.105893374481674,0,0,0,0,0,634
202,202,26.15176132482966,0,0,0,0,0,634
203,203,26.1736772545521,0,0,0,0,0,634
204,204,26.23236020783843,0,0,0,0,0,634
205,205,26.23313632149815,0,0,0,0,0,634
206,206,26.229480039141173,0,0,0,0,0,634
207,207,26.220241458682015,0,0,0,0,0,634
208,208,26.226141450572296,0,0,0,0,0,634
209,209,26.183638759128524,0,0,0,0,0,634
210,210,26.152105723228892,0,0,0,0,0,634
211,211,26.152105723228892,0,0,0,0,0,634
212,212,26.136255329239006,0,0,0,0,0,634
213,213,26.183775710247946,0,0,0,0,0,634
214,214,26.223937611410744,0,0,0,0,0,634
215,215,26.218598618715106,0,0,0,0,0,634
216,216,26.217470995262865,0,0,0,0,0,634
217,217,26.222252509068806,0,0,0,0,0,634
218,218,26.20840758410348,0,0,0,0,0,634
219,219,26.181855644834663,0,0,0,0,0,634
220,220,26.181204080049568,0,0,0,0,0,634
221,221,26.189105488311725,0,0,0,0,0,634
222,222,26.18845392641255,0,0,0,0,0,634
223,223,26.188501512189195,0,0,0,0,0,634
224,224,26.171046228344284,0,0,0,0,0,634
225,225,26.177962595545473,0,0,0,0,0,634
226,226,26.18115077746487,0,0,0,0,0,634
227,227,26.195493039146562,0,0,0,0,0,634
228,228,26.20391543184334,0,0,0,0,0,634
229,229,26.21663073166666,0,0,0,0,0,634
230,230,26.22871840890992,0,0,0,0,0,634
231,231,26.22871840890992,0,0,0,0,0,634
232,232,26.198799855893114,0,0,0,0,0,634
233,233,26.198799855893114,0,0,0,0,0,634
234,234,26.174920434104745,0,0,0,0,0,634
235,235,26.197911012760045,0,0,0,0,0,634
236,236,26.22772731094742,0,0,0,0,0,634
237,237,26.19854251948537,0,0,0,0,0,634
238,238,26.134466747524222,0,0,0,0,0,634
239,239,26.12679611325456,0,0,0,0,0,634
240,240,26.147774757933384,0,0,0,0,0,634
241,241,26.10899870581851,0,0,0,0,0,634
242,242,26.126084707616933,0,0,0,0,0,634
243,243,26.126084707616933,0,0,0,0,0,634
244,244,26.109990819670667,0,0,0,0,0,634
245,245,26.151330036732684,0,0,0,0,0,634
246,246,26.152554814875327,0,0,0,0,0,634
247,247,26.11514730257685,0,0,0,0,0,634
248,248,26.148692188244762,0,0,0,0,0,634
249,249,26.16178758206918,0,0,0,0,0,634
250,250,26.116589630670962,0,0,0,0,0,634
251,251,26.116589630670962,0,0,0,0,0,634
252,252,26.123240674104864,0,0,0,0,0,634
253,253,26.123240674104864,0,0,0,0,0,634
254,254,26.15094647932857,0,0,0,0,0,634
255,255,26.19581695318306,0,0,0,0,0,634
256,256,26.260737937098156,0,0,0,0,0,634
257,257,26.268721771034144,0,0,0,0,0,634
258,258,26.216609743675043,0,0,0,0,0,634
259,259,26.1836811671457,0,0,0,0,0,634
260,260,26.195229223554623,0,0,0,0,0,634
261,261,26.19908501253733,0,0,0,0,0,634
262,262,26.18875239531942,0,0,0,0,0,634
263,263,26.197225635188815,0,0,0,0,0,634
264,264,26.198915726229497,0,0,0,0,0,634
265,265,26.193211612176874,0,0,0,0,0,634
266,266,26.20178013001115,0,0,0,0,0,634
267,267,26.200822548582362,0,0,0,0,0,634
268,268,26.19195683257771,0,0,0,0,0,634
269,269,26.148797724020188,0,0,0,0,0,634
270,270,26.163137681001892,0,0,0,0,0,634
271,271,26.260873978413596,0,0,0,0,0,634
272,272,26.232402222876996,0,0,0,0,0,634
273,273,26.240677270881275,0,0,0,0,0,634
274,274,26.294067758049472,0,0,0,0,0,634
275,275,26.296611745208345,0,0,0,0,0,634
276,276,26.24715106146689,0,0,0,0,0,634
277,277,26.264226111037058,0,0,0,0,0,634
278,278,26.25807259393116,0,0,0,0,0,634
279,279,26.222261755357987,0,0,0,0,0,634
280,280,26.224161018709562,0,0,0,0,0,634
281,281,26.220842239466112,0,0,0,0,0,634
282,282,26.21640105633559,0,0,0,0,0,634
283,283,26.21640105633559,0,0,0,0,0,634
284,284,26.228624412245498,0,0,0,0,0,634
285,285,26.236953212677488,0,0,0,0,0,634
286,286,26.239936633625714,0,0,0,0,0,634
287,287,26.203849245232885,0,0,0,0,0,634
288,288,26.27664731106539,0,0,0,0,0,634
289,289,26.215742702737195,0,0,0,0,0,634
290,290,26.196853591945654,0,0,0,0,0,634
291,291,26.2033169472605,0,0,0,0,0,634
292,292,26.190114410753836,0,0,0,0,0,634
293,293,26.193060913610463,0,0,0,0,0,634
294,294,26.12646330798214,0,0,0,0,0,634
295,295,26.16977172551273,0,0,0,0,0,634
296,296,26.172733337531845,0,0,0,0,0,634
297,297,26.169691763921445,0,0,0,0,0,634
298,298,26.11585500830774,0,0,0,0,0,634
299,299,26.129991384973117,0,0,0,0,0,634
300,300,26.111336316706993,0,0,0,0,0,634
301,301,26.102998728151373,0,0,0,0,0,634
302,302,26.07336415331575,0,0,0,0,0,634
303,303,26.07336415331575,0,0,0,0,0,634
304,304,26.114468864334096,0,0,0,0,0,634
305,305,26.068857356786847,0,0,0,0,0,634
306,306,26.080256573108514,0,0,0,0,0,634
307,307,26.100757184737155,0,0,0,0,0,634
308,308,26.095200312495056,0,0,0,0,0,634
309,309,26.14106779873195,0,0,0,0,0,634
310,310,26.183169362972254,0,0,0,0,0,634
311,311,26.182898528958134,0,0,0,0,0,634
312,312,26.146210137588195,0,0,0,0,0,634
313,313,26.16669024699024,0,0,0,0,0,634
314,314,26.16655429033575,0,0,0,0,0,634
315,315,26.172535374371815,0,0,0,0,0,634
316,316,26.192380775496265,0,0,0,0,0,634
317,317,26.183412529247356,0,0,0,0,0,634
318,318,26.183412529247356,0,0,0,0,0,634
319,319,26.16801061248714,0,0,0,0,0,634
320,320,26.149596398368764,0,0,0,0,0,634
321,321,26.166625846855187,0,0,0,0,0,634
322,322,26.171576638860678,0,0,0,0,0,634
323,323,26.12538371054169,0,0,0,0,0,634
324,324,26.121796070637664,0,0,0,0,0,634
325,325,26.13801160763178,0,0,0,0,0,634
326,326,26.164180890978713,0,0,0,0,0,634
327,327,26.182098132850758,0,0,0,0,0,634
328,328,26.190717888583308,0,0,0,0,0,634
329,329,26.210462002598785,0,0,0,0,0,634
330,330,26.195279410802055,0,0,0,0,0,634
331,331,26.220604129982547,0,0,0,0,0,634
332,332,26.283862502719856,0,0,0,0,0,634
333,333,26.280511782067748,0,0,0,0,0,634
334,334,26.23225075214019,0,0,0,0,0,634
335,335,26.225515751229633,0,0,0,0,0,634
336,336,26.194973930069317,0,0,0,0,0,634
337,337,26.190741329230608,0,0,0,0,0,634
338,338,26.211079451686423,0,0,0,0,0,634
339,339,26.271353072748955,0,0,0,0,0,634
340,340,26.273589475312736,0,0,0,0,0,634
341,341,26.25933205787424,0,0,0,0,0,634
342,342,26.262429652189244,0,0,0,0,0,634
343,343,26.29189258664008,0,0,0,0,0,634
344,344,26.250753374455087,0,0,0,0,0,634
345,345,26.301120249292737,0,0,0,0,0,634
346,346,26.24084904383922,0,0,0,0,0,634
347,347,26.24768957391097,0,0,0,0,0,634
348,348,26.267997262660806,0,0,0,0,0,634
349,349,26.223502696260724,0,0,0,0,0,634
350,350,26.19395067302708,0,0,0,0,0,634
351,351,26.24020084751623,0,0,0,0,0,634
352,352,26.25307235260834,0,0,0,0,0,634
353,353,26.298966242253826,0,0,0,0,0,634
354,354,26.295245196917037,0,0,0,0,0,634
355,355,26.284835670271715,0,0,0,0,0,634
356,356,26.244554285075587,0,0,0,0,0,634
357,357,26.232313419581484,0,0,0,0,0,634
358,358,26.194832706865935,0,0,0,0,0,634
359,359,26.209309694975207,0,0,0,0,0,634
360,360,26.20354929262369,0,0,0,0,0,634
361,361,26.191133851889116,0,0,0,0,0,634
362,362,26.23885668320029,0,0,0,0,0,634
363,363,26.28188290751633,0,0,0,0,0,634
364,364,26.2572731738378,0,0,0,0,0,634
365,365,26.255518723591294,0,0,0,0,0,634
366,366,26.246182949725082,0,0,0,0,0,634
367,367,26.262900402535333,0,0,0,0,0,634
368,368,26.227152905524317,0,0,0,0,0,634
369,369,26.195765133472296,0,0,0,0,0,634
370,370,26.20211454310124,0,0,0,0,0,634
371,371,26.190246451665477,0,0,0,0,0,634
372,372,26.171393615900595,0,0,0,0,0,634
373,373,26.210001035566226,0,0,0,0,0,634
374,374,26.129448595184314,0,0,0,0,0,634
375,375,26.152652394849106,0,0,0,0,0,634
376,376,26.218639865896602,0,0,0,0,0,634
377,377,26.21412622049616,0,0,0,0,0,634
378,378,26.21412622049616,0,0,0,0,0,634
379,379,26.229832505059463,0,0,0,0,0,634
380,380,26.23850188342176,0,0,0,0,0,634
381,381,26.234637911368875,0,0,0,0,0,634
382,382,26.22067181164877,0,0,0,0,0,634
383,383,26.271427270623423,0,0,0,0,0,634
384,384,26.271168607471136,0,0,0,0,0,634
385,385,26.27079054131055,0,0,0,0,0,634
386,386,26.214179017412274,0,0,0,0,0,634
387,387,26.22078253641215,0,0,0,0,0,634
388,388,26.239784448870427,0,0,0,0,0,634
389,389,26.287591308822368,0,0,0,0,0,634
390,390,26.266661935510566,0,0,0,0,0,634
391,391,26.28510100653424,0,0,0,0,0,634
392,392,26.266447206608852,0,0,0,0,0,634
393,393,26.33526226273293,0,0,0,0,0,634
394,394,26.300053183372018,0,0,0,0,0,634
395,395,26.293862510483414,0,0,0,0,0,634
396,396,26.260559182700174,0,0,0,0,0,634
397,397,26.26586622914539,0,0,0,0,0,634
398,398,26.269380738231447,0,0,0,0,0,634
399,399,26.258563547867563,0,0,0,0,0,634
400,400,26.229136532000783,0,0,0,0,0,634
401,401,26.27541059409598,0,0,0,0,0,634
402,402,26.29552496967113,0,0,0,0,0,634
403,403,26.28465173280735,0,0,0,0,0,634
404,404,26.198441828324743,0,0,0,0,0,634
405,405,26.22518803498412,0,0,0,0,0,634
406,406,26.221609297929945,0,0,0,0,0,634
407,407,26.20360244332906,0,0,0,0,0,634
408,408,26.21850835062864,0,0,0,0,0,634
409,409,26.259837174512537,0,0,0,0,0,634
410,410,26.258535606001125,0,0,0,0,0,634
411,411,26.257554377895392,0,0,0,0,0,634
412,412,26.272689914826408,0,0,0,0,0,634
413,413,26.291492804649025,0,0,0,0,0,634
414,414,26.255890416140254,0,0,0,0,0,634
415,415,26.24264129172008,0,0,0,0,0,634
416,416,26.189981870986617,0,0,0,0,0,634
417,417,26.222690958046,0,0,0,0,0,634
418,418,26.254263284069705,0,0,0,0,0,634
419,419,26.2954990003536,0,0,0,0,0,634
420,420,26.26100077757265,0,0,0,0,0,634
421,421,26.29204576655415,0,0,0,0,0,634
422,422,26.264364928799882,0,0,0,0,0,634
423,423,26.22062721168439,0,0,0,0,0,634
424,424,26.146458329198946,0,0,0,0,0,634
425,425,26.150266078694276,0,0,0,0,0,634
426,426,26.17573973084981,0,0,0,0,0,634
427,427,26.16348746990219,0,0,0,0,0,634
428,428,26.141501871151743,0,0,0,0,0,634
429,429,26.20972426943518,0,0,0,0,0,634
430,430,26.251733248036498,0,0,0,0,0,634
431,431,26.307858458562386,0,0,0,0,0,634
432,432,26.326773674141187,0,0,0,0,0,634
433,433,26.30838939362705,0,0,0,0,0,634
434,434,26.24033049213769,0,0,0,0,0,634
435,435,26.234276331179572,0,0,0,0,0,634
436,436,26.260010398906203,0,0,0,0,0,634
437,437,26.263879082063387,0,0,0,0,0,634
438,438,26.36970246704596,0,0,0,0,0,634
439,439,26.379819682363213,0,0,0,0,0,634
440,440,26.373454129743916,0,0,0,0,0,634
441,441,26.381244193898574,0,0,0,0,0,634
442,442,26.40250744892651,0,0,0,0,0,634
443,443,26.359263267233906,0,0,0,0,0,634
444,444,26.318270028097814,0,0,0,0,0,634
445,445,26.26357399009819,0,0,0,0,0,634
446,446,26.320220633736547,0,0,0,0,0,634
447,447,26.335088771616192,0,0,0,0,0,634
448,448,26.30782784295625,0,0,0,0,0,634
449,449,26.304039155502945,0,0,0,0,0,634
450,450,26.326284527233547,0,0,0,0,0,634
451,451,26.32359309053923,0,0,0,0,0,634
452,452,26.327332964907775,0,0,0,0,0,634
453,453,26.335253970849305,0,0,0,0,0,634
454,454,26.323234369058387,0,0,0,0,0,634
455,455,26.323234369058387,0,0,0,0,0,634
456,456,26.344000710646995,0,0,0,0,0,634
457,457,26.36778442674045,0,0,0,0,0,634
458,458,26.321354493090343,0,0,0,0,0,634
459,459,26.27560921824405,0,0,0,0,0,634
460,460,26.25074019077314,0,0,0,0,0,634
461,461,26.262098153672692,0,0,0,0,0,634
462,462,26.28106422027243,0,0,0,0,0,634
463,463,26.28568296487796,0,0,0,0,0,634
464,464,26.32472748520084,0,0,0,0,0,634
465,465,26.336726350740793,0,0,0,0,0,634
466,466,26.382531186156424,0,0,0,0,0,634
467,467,26.391056596568088,0,0,0,0,0,634
468,468,26.464155695095393,0,0,0,0,0,634
469,469,26.42544570517808,0,0,0,0,0,634
470,470,26.397971216722635,0,0,0,0,0,634
471,471,26.336477088776682,0,0,0,0,0,634
472,472,26.369778972623067,0,0,0,0,0,634
473,473,26.331393334593503,0,0,0,0,0,634
474,474,26.373277263251754,0,0,0,0,0,634
475,475,26.376463965266574,0,0,0,0,0,634
476,476,26.383466586357212,0,0,0,0,0,634
477,477,26.41816478523524,0,0,0,0,0,634
478,478,26.37222890707561,0,0,0,0,0,634
479,479,26.34243458741873,0,0,0,0,0,634
480,480,26.34341790543549,0,0,0,0,0,634
481,481,26.371984986258223,0,0,0,0,0,634
482,482,26.36617588291809,0,0,0,0,0,634
483,483,26.355877581618078,0,0,0,0,0,634
484,484,26.34931080563321,0,0,0,0,0,634
485,485,26.350284221707938,0,0,0,0,0,634
486,486,26.311887755639066,0,0,0,0,0,634
487,487,26.35776159144114,0,0,0,0,0,634
488,488,26.37498691544445,0,0,0,0,0,634
489,489,26.37137785803524,0,0,0,0,0,634
490,490,26.292213430781185,0,0,0,0,0,634
491,491,26.237404193215724,0,0,0,0,0,634
492,492,26.20455562971177,0,0,0,0,0,634
493,493,26.154052551324323,0,0,0,0,0,634
494,494,26.171877549117752,0,0,0,0,0,634
495,495,26.174945497796887,0,0,0,0,0,634
496,496,26.21202425262831,0,0,0,0,0,634
497,497,26.27836982128159,0,0,0,0,0,634
498,498,26.283075230072203,0,0,0,0,0,634
499,499,26.25703030851757,0,0,0,0,0,634
500,500,26.247742894659975,0,0,0,0,0,634
501,501,26.2629398644847,0,0,0,0,0,634
502,502,26.253575049918748,0,0,0,0,0,634
503,503,26.21518297272935,0,0,0,0,0,634
504,504,26.295005227859583,0,0,0,0,0,634
505,505,26.306918208326167,0,0,0,0,0,634
506,506,26.274608657533644,0,0,0,0,0,634
507,507,26.299941766593136,0,0,0,0,0,634
508,508,26.28520763463333,0,0,0,0,0,634
509,509,26.27537723133446,0,0,0,0,0,634
510,510,26.315562208238006,0,0,0,0,0,634
511,511,26.309452582681622,0,0,0,0,0,634
512,512,26.283268380880724,0,0,0,0,0,634
513,513,26.23345900235019,0,0,0,0,0,634
514,514,26.267934849629967,0,0,0,0,0,634
515,515,26.26828780571954,0,0,0,0,0,634
516,516,26.323223200082456,0,0,0,0,0,634
517,517,26.30799402192822,0,0,0,0,0,634
518,518,26.27122396685367,0,0,0,0,0,634
519,519,26.28109525828676,0,0,0,0,0,634
520,520,26.196333178268038,0,0,0,0,0,634
521,521,26.221131911904834,0,0,0,0,0,634
522,522,26.183075300931396,0,0,0,0,0,634
523,523,26.165849907133232,0,0,0,0,0,634
524,524,26.205193729684076,0,0,0,0,0,634
525,525,26.219385254574618,0,0,0,0,0,634
526,526,26.242412329141054,0,0,0,0,0,634
527,527,26.25810008844682,0,0,0,0,0,634
528,528,26.267615583110185,0,0,0,0,0,634
529,529,26.27215931485904,0,0,0,0,0,634
530,530,26.268425471017597,0,0,0,0,0,634
531,531,26.290691786072703,0,0,0,0,0,634
532,532,26.24455141814323,0,0,0,0,0,634
533,533,26.216832589355114,0,0,0,0,0,634
534,534,26.19288010068232,0,0,0,0,0,634
535,535,26.176746099472027,0,0,0,0,0,634
536,536,26.198830057492042,0,0,0,0,0,634
537,537,26.25212783903348,0,0,0,0,0,634
538,538,26.25212783903348,0,0,0,0,0,634
539,539,26.269834344440824,0,0,0,0,0,634
540,540,26.22576647386876,0,0,0,0,0,634
541,541,26.25970981715481,0,0,0,0,0,634
542,542,26.28176525273444,0,0,0,0,0,634
543,543,26.27529526552356,0,0,0,0,0,634
544,544,26.26334354530314,0,0,0,0,0,634
545,545,26.305393204063197,0,0,0,0,0,634
546,546,26.307268841298306,0,0,0,0,0,634
547,547,26.34315820748405,0,0,0,0,0,634
548,548,26.26864049261188,0,0,0,0,0,634
549,549,26.130673176458124,0,0,0,0,0,634
550,550,26.194340469131216,0,0,0,0,0,634
551,551,26.22825892185467,0,0,0,0,0,634
552,552,26.22825892185467,0,0,0,0,0,634
553,553,26.267826033364134,0,0,0,0,0,634
554,554,26.326888535660565,0,0,0,0,0,634
555,555,26.344194651024193,0,0,0,0,0,634
556,556,26.278797721623413,0,0,0,0,0,634
557,557,26.289659186888112,0,0,0,0,0,634
558,558,26.291824910354645,0,0,0,0,0,634
559,559,26.35180047790181,0,0,0,0,0,634
560,560,26.39046668763028,0,0,0,0,0,634
561,561,26.37640297003185,0,0,0,0,0,634
562,562,26.30109066220336,0,0,0,0,0,634
563,563,26.320330276622567,0,0,0,0,0,634
564,564,26.347093525201625,0,0,0,0,0,634
565,565,26.317917169183108,0,0,0,0,0,634
566,566,26.321938336996084,0,0,0,0,0,634
567,567,26.3308016656656,0,0,0,0,0,634
568,568,26.275067774190248,0,0,0,0,0,634
569,569,26.271373968394105,0,0,0,0,0,634
570,570,26.385760179163867,0,0,0,0,0,634
571,571,26.376476201464865,0,0,0,0,0,634
572,572,26.237438332890235,0,0,0,0,0,634
573,573,26.249236582662743,0,0,0,0,0,634
574,574,26.230169977704538,0,0,0,0,0,634
575,575,26.176094377967335,0,0,0,0,0,634
576,576,26.167321379341107,0,0,0,0,0,634
577,577,26.248843258322374,0,0,0,0,0,634
578,578,26.231240055021797,0,0,0,0,0,634
579,579,26.231851435711118,0,0,0,0,0,634
580,580,26.217628941633784,0,0,0,0,0,634
581,581,26.25642951562714,0,0,0,0,0,634
582,582,26.232851234915923,0,0,0,0,0,634
583,583,26.18892142007336,0,0,0,0,0,634
584,584,26.29989707493251,0,0,0,0,0,634
585,585,26.351555812511588,0,0,0,0,0,634
586,586,26.34849544977941,0,0,0,0,0,634
587,587,26.32151378750634,0,0,0,0,0,634
588,588,26.300896858005423,0,0,0,0,0,634
589,589,26.254796949491336,0,0,0,0,0,634
590,590,26.256048424013454,0,0,0,0,0,634
591,591,26.22948480884464,0,0,0,0,0,634
592,592,26.239017776364708,0,0,0,0,0,634
593,593,26.28005328120288,0,0,0,0,0,634
594,594,26.263511058705696,0,0,0,0,0,634
595,595,26.31405993353392,0,0,0,0,0,634
596,596,26.30815792152851,0,0,0,0,0,634
597,597,26.304648830287434,0,0,0,0,0,634
598,598,26.31061314896655,0,0,0,0,0,634
599,599,26.349148059017065,0,0,0,0,0,634
600,600,26.373223323030672,0,0,0,0,0,634
601,601,26.34316989956542,0,0,0,0,0,634
602,602,26.312040644160415,0,0,0,0,0,634
603,603,26.313464988946215,0,0,0,0,0,634
604,604,26.269362437712914,0,0,0,0,0,634
605,605,26.17714673768546,0,0,0,0,0,634
606,606,26.172745947304634,0,0,0,0,0,634
607,607,26.175886485001335,0,0,0,0,0,634
608,608,26.18094641214731,0,0,0,0,0,634
609,609,26.24416461100485,0,0,0,0,0,634
610,610,26.2854796204606,0,0,0,0,0,634
611,611,26.224507244099648,0,0,0,0,0,634
612,612,26.21632921790698,0,0,0,0,0,634
613,613,26.243638254804,0,0,0,0,0,634
614,614,26.210252405959135,0,0,0,0,0,634
615,615,26.30660610315708,0,0,0,0,0,634
616,616,26.344015312658076,0,0,0,0,0,634
617,617,26.32536590159126,0,0,0,0,0,634
618,618,26.33077997415707,0,0,0,0,0,634
619,619,26.382015096220442,0,0,0,0,0,634
620,620,26.325510035849135,0,0,0,0,0,634
621,621,26.329105119819467,0,0,0,0,0,634
622,622,26.279802550921953,0,0,0,0,0,634
623,623,26.248423197029677,0,0,0,0,0,634
624,624,26.305896201767844,0,0,0,0,0,634
625,625,26.37961854031998,0,0,0,0,0,634
626,626,26.348577721702185,0,0,0,0,0,634
627,627,26.319519898516816,0,0,0,0,0,634
628,628,26.306748050132953,0,0,0,0,0,634
629,629,26.280548240720016,0,0,0,0,0,634
630,630,26.318048508527518,0,0,0,0,0,634
631,631,26.336817731792454,0,0,0,0,0,634
632,632,26.362655507418,0,0,0,0,0,634
633,633,26.395318409134756,0,0,0,0,0,634
634,634,26.416876100519982,0,0,0,0,0,634
635,635,26.379378653564263,0,0,0,0,0,634
636,636,26.353297631147253,0,0,0,0,0,634
637,637,26.34927344094979,0,0,0,0,0,634
638,638,26.4187815941019,0,0,0,0,0,634
639,639,26.323993826717253,0,0,0,0,0,634
640,640,26.31964973521251,0,0,0,0,0,634
641,641,26.29820561359629,0,0,0,0,0,634
642,642,26.245406457525917,0,0,0,0,0,634
643,643,26.2389417613586,0,0,0,0,0,634
644,644,26.292262822268167,0,0,0,0,0,634
645,645,26.31523424851517,0,0,0,0,0,634
646,646,26.337204653593556,0,0,0,0,0,634
647,647,26.385485213192965,0,0,0,0,0,634
648,648,26.334537497657223,0,0,0,0,0,634
649,649,26.368352288586642,0,0,0,0,0,634
650,650,26.36308795642699,0,0,0,0,0,634
651,651,26.405224937833857,0,0,0,0,0,634
652,652,26.37232102943651,0,0,0,0,0,634
653,653,26.366174202488825,0,0,0,0,0,634
654,654,26.23896237137839,0,0,0,0,0,634
655,655,26.26357075557128,0,0,0,0,0,634
656,656,26.2677966127579,0,0,0,0,0,634
657,657,26.27995123361774,0,0,0,0,0,634
658,658,26.293045770984993,0,0,0,0,0,634
659,659,26.321129175380584,0,0,0,0,0,634
660,660,26.29251239050939,0,0,0,0,0,634
661,661,26.257335299211242,0,0,0,0,0,634
662,662,26.24954223660985,0,0,0,0,0,634
663,663,26.240788751713264,0,0,0,0,0,634
664,664,26.202538816728225,0,0,0,0,0,634
665,665,26.241060736404798,0,0,0,0,0,634
666,666,26.28328692235185,0,0,0,0,0,634
667,667,26.255861356144607,0,0,0,0,0,634
668,668,26.25724185024701,0,0,0,0,0,634
669,669,26.311472646458252,0,0,0,0,0,634
670,670,26.354408873924136,0,0,0,0,0,634
671,671,26.369817340697765,0,0,0,0,0,634
672,672,26.382321968985607,0,0,0,0,0,634
673,673,26.394507917097364,0,0,0,0,0,634
674,674,26.414861499678352,0,0,0,0,0,634
675,675,26.39455466576834,0,0,0,0,0,634
676,676,26.40114957132619,0,0,0,0,0,634
677,677,26.42086012528101,0,0,0,0,0,634
678,678,26.444818109402735,0,0,0,0,0,634
679,679,26.407791789885298,0,0,0,0,0,634
680,680,26.38866415155605,0,0,0,0,0,634
681,681,26.38942024283857,0,0,0,0,0,634
682,682,26.475340476390205,0,0,0,0,0,634
683,683,26.524664473776674,0,0,0,0,0,634
684,684,26.453207929671347,0,0,0,0,0,634
685,685,26.416961646191247,0,0,0,0,0,634
686,686,26.304187131213624,0,0,0,0,0,634
687,687,26.224164015174615,0,0,0,0,0,634
688,688,26.283788370490157,0,0,0,0,0,634
689,689,26.353399646827334,0,0,0,0,0,634
690,690,26.354082607026697,0,0,0,0,0,634
691,691,26.411069484320713,0,0,0,0,0,634
692,692,26.353337683533002,0,0,0,0,0,634
693,693,26.345886757269795,0,0,0,0,0,634
694,694,26.36853886571169,0,0,0,0,0,634
695,695,26.366700878954354,0,0,0,0,0,634
696,696,26.390837900819484,0,0,0,0,0,634
697,697,26.377849357701834,0,0,0,0,0,634
698,698,26.351555791477296,0,0,0,0,0,634
699,699,26.363520888048463,0,0,0,0,0,634
700,700,26.392180767751785,0,0,0,0,0,634
701,701,26.440102525905335,0,0,0,0,0,634
702,702,26.379944373699207,0,0,0,0,0,634
703,703,26.34097763487583,0,0,0,0,0,634
704,704,26.265784594903007,0,0,0,0,0,634
705,705,26.27606581756546,0,0,0,0,0,634
706,706,26.29734252595774,0,0,0,0,0,634
707,707,26.29346446183311,0,0,0,0,0,634
708,708,26.29110789592458,0,0,0,0,0,634
709,709,26.26568494127769,0,0,0,0,0,634
710,710,26.294344883632345,0,0,0,0,0,634
711,711,26.28685889786333,0,0,0,0,0,634
712,712,26.271853676305117,0,0,0,0,0,634
713,713,26.331245191454638,0,0,0,0,0,634
714,714,26.329126819544353,0,0,0,0,0,634
715,715,26.31398259488321,0,0,0,0,0,634
716,716,26.286678556017506,0,0,0,0,0,634
717,717,26.270894124241824,0,0,0,0,0,634
718,718,26.271681538881005,0,0,0,0,0,634
719,719,26.276519091382255,0,0,0,0,0,634
720,720,26.286392746939825,0,0,0,0,0,634
721,721,26.28263187617797,0,0,0,0,0,634
722,722,26.309304487129133,0,0,0,0,0,634
723,723,26.33656649001157,0,0,0,0,0,634
724,724,26.309104389846873,0,0,0,0,0,634
725,725,26.3628584278632,0,0,0,0,0,634
726,726,26.294726729990742,0,0,0,0,0,634
727,727,26.233191640400776,0,0,0,0,0,634
728,728,26.197426615333974,0,0,0,0,0,634
729,729,26.284676111611642,0,0,0,0,0,634
730,730,26.34696256990437,0,0,0,0,0,634
731,731,26.38224346893881,0,0,0,0,0,634
732,732,26.32684776542919,0,0,0,0,0,634
733,733,26.346036516337712,0,0,0,0,0,634
734,734,26.308215598403617,0,0,0,0,0,634
735,735,26.308329490591674,0,0,0,0,0,634
736,736,26.322794515331854,0,0,0,0,0,634
737,737,26.260797439615462,0,0,0,0,0,634
738,738,26.26850400489446,0,0,0,0,0,634
739,739,26.29939468134671,0,0,0,0,0,634
740,740,26.309522952688482,0,0,0,0,0,634
741,741,26.27619845245541,0,0,0,0,0,634
742,742,26.223291410666132,0,0,0,0,0,634
743,743,26.198181014110798,0,0,0,0,0,634
744,744,26.246849201862787,0,0,0,0,0,634
745,745,26.290851321153802,0,0,0,0,0,634
746,746,26.317136096536203,0,0,0,0,0,634
747,747,26.349510079982032,0,0,0,0,0,634
748,748,26.313142611386994,0,0,0,0,0,634
749,749,26.384409158730865,0,0,0,0,0,634
750,750,26.358820449637555,0,0,0,0,0,634
751,751,26.34100592091479,0,0,0,0,0,634
752,752,26.338814370576628,0,0,0,0,0,634
753,753,26.30225120628391,0,0,0,0,0,634
754,754,26.27883069228576,0,0,0,0,0,634
755,755,26.29013204830618,0,0,0,0,0,634
756,756,26.39039032759442,0,0,0,0,0,634
757,757,26.38639477872012,0,0,0,0,0,634
758,758,26.387885156886714,0,0,0,0,0,634
759,759,26.361885004258706,0,0,0,0,0,634
760,760,26.380408161238677,0,0,0,0,0,634
761,761,26.397060790764794,0,0,0,0,0,634
762,762,26.39860994333451,0,0,0,0,0,634
763,763,26.401479758548852,0,0,0,0,0,634
764,764,26.49716474853397,0,0,0,0,0,634
765,765,26.47562103031042,0,0,0,0,0,634
766,766,26.468760078083363,0,0,0,0,0,634
767,767,26.402589754769412,0,0,0,0,0,634
768,768,26.370447063505278,0,0,0,0,0,634
769,769,26.33919914063412,0,0,0,0,0,634
770,770,26.353947660791878,0,0,0,0,0,634
771,771,26.36200458207468,0,0,0,0,0,634
772,772,26.39476571300098,0,0,0,0,0,634
773,773,26.24995353524955,0,0,0,0,0,634
774,774,26.22892550272017,0,0,0,0,0,634
775,775,26.227415752778743,0,0,0,0,0,634
776,776,26.216911461915345,0,0,0,0,0,634
777,777,26.285462004890306,0,0,0,0,0,634
778,778,26.314034769928483,0,0,0,0,0,634
779,779,26.27126117306222,0,0,0,0,0,634
780,780,26.30351110280622,0,0,0,0,0,634
781,781,26.242176928075857,0,0,0,0,0,634
782,782,26.18742015136845,0,0,0,0,0,634
783,783,26.190162721468297,0,0,0,0,0,634
784,784,26.180312741772564,0,0,0,0,0,634
785,785,26.28690439193497,0,0,0,0,0,634
786,786,26.249221293093022,0,0,0,0,0,634
787,787,26.314004824936852,0,0,0,0,0,634
788,788,26.264775015994765,0,0,0,0,0,634
789,789,26.236966586232985,0,0,0,0,0,634
790,790,26.231615562038076,0,0,0,0,0,634
791,791,26.284830624987578,0,0,0,0,0,634
792,792,26.30903445650044,0,0,0,0,0,634
793,793,26.242139232250683,0,0,0,0,0,634
794,794,26.33349207432458,0,0,0,0,0,634
795,795,26.266594438535098,0,0,0,0,0,634
796,796,26.32560108999889,0,0,0,0,0,634
797,797,26.34245367582156,0,0,0,0,0,634
798,798,26.295019460359047,0,0,0,0,0,634
799,799,26.253120094869715,0,0,0,0,0,634
800,800,26.319911483564262,0,0,0,0,0,634
801,801,26.358245580904153,0,0,0,0,0,634
802,802,26.199501701529485,0,0,0,0,0,634
803,803,26.24845369801034,0,0,0,0,0,634
804,804,26.231838086845354,0,0,0,0,0,634
805,805,26.209469516051573,0,0,0,0,0,634
806,806,26.2227603797054,0,0,0,0,0,634
807,807,26.28127420942669,0,0,0,0,0,634
808,808,26.284879759428183,0,0,0,0,0,634
809,809,26.31299285249051,0,0,0,0,0,634
810,810,26.332532401912154,0,0,0,0,0,634
811,811,26.366290712560065,0,0,0,0,0,634
812,812,26.293161400225618,0,0,0,0,0,634
813,813,26.32622322955545,0,0,0,0,0,634
814,814,26.31831248906581,0,0,0,0,0,634
815,815,26.37053983579537,0,0,0,0,0,634
816,816,26.35459164659119,0,0,0,0,0,634
817,817,26.38909686543898,0,0,0,0,0,634
818,818,26.373603301373535,0,0,0,0,0,634
819,819,26.335607784294567,0,0,0,0,0,634
820,820,26.28886768209666,0,0,0,0,0,634
821,821,26.28217423096744,0,0,0,0,0,634
822,822,26.254969397792607,0,0,0,0,0,634
823,823,26.292455842275587,0,0,0,0,0,634
824,824,26.30202274494241,0,0,0,0,0,634
825,825,26.242894630147582,0,0,0,0,0,634
826,826,26.203139010217658,0,0,0,0,0,634
827,827,26.209084117760263,0,0,0,0,0,634
828,828,26.28139925405574,0,0,0,0,0,634
829,829,26.251991831901062,0,0,0,0,0,634
830,830,26.2896879592038,0,0,0,0,0,634
831,831,26.256202806527593,0,0,0,0,0,634
832,832,26.347707253014566,0,0,0,0,0,634
833,833,26.34647595853102,0,0,0,0,0,634
834,834,26.333893965124332,0,0,0,0,0,634
835,835,26.32034244445145,0,0,0,0,0,634
836,836,26.33130644616691,0,0,0,0,0,634
837,837,26.28737970828602,0,0,0,0,0,634
838,838,26.27025878980247,0,0,0,0,0,634
839,839,26.341506198736464,0,0,0,0,0,634
840,840,26.406448020536306,0,0,0,0,0,634
841,841,26.307836930311225,0,0,0,0,0,634
842,842,26.330025353886224,0,0,0,0,0,634
843,843,26.38280563814969,0,0,0,0,0,634
844,844,26.272982769550623,0,0,0,0,0,634
845,845,26.269590277428353,0,0,0,0,0,634
846,846,26.281060615386153,0,0,0,0,0,634
847,847,26.343101201029267,0,0,0,0,0,634
848,848,26.332923350232296,0,0,0,0,0,634
849,849,26.306398720002388,0,0,0,0,0,634
850,850,26.32579854279345,0,0,0,0,0,634
851,851,26.252297683656646,0,0,0,0,0,634
852,852,26.288229782066345,0,0,0,0,0,634
853,853,26.335611579039096,0,0,0,0,0,634
854,854,26.413142443228704,0,0,0,0,0,634
855,855,26.38150419536442,0,0,0,0,0,634
856,856,26.352154671530414,0,0,0,0,0,634
857,857,26.35057657966586,0,0,0,0,0,634
858,858,26.25460935359838,0,0,0,0,0,634
859,859,26.29616283025769,0,0,0,0,0,634
860,860,26.372125847233132,0,0,0,0,0,634
861,861,26.36406145990024,0,0,0,0,0,634
862,862,26.419540223676705,0,0,0,0,0,634
863,863,26.43975885389145,0,0,0,0,0,634
864,864,26.406844311339167,0,0,0,0,0,634
865,865,26.382425124543328,0,0,0,0,0,634
866,866,26.213168788467655,0,0,0,0,0,634
867,867,26.274698066148428,0,0,0,0,0,634
868,868,26.29445085539017,0,0,0,0,0,634
869,869,26.26473234123832,0,0,0,0,0,634
870,870,26.235222297271275,0,0,0,0,0,634
871,871,26.295044201111082,0,0,0,0,0,634
872,872,26.365053346922338,0,0,0,0,0,634
873,873,26.3271642257794,0,0,0,0,0,634
874,874,26.28954969263745,0,0,0,0,0,634
875,875,26.343056671415006,0,0,0,0,0,634
876,876,26.349582466248577,0,0,0,0,0,634
877,877,26.35518267072329,0,0,0,0,0,634
878,878,26.376789965889426,0,0,0,0,0,634
879,879,26.35434221421892,0,0,0,0,0,634
880,880,26.284299570163526,0,0,0,0,0,634
881,881,26.241087713349273,0,0,0,0,0,634
882,882,26.189706563528603,0,0,0,0,0,634
883,883,26.219608590545906,0,0,0,0,0,634
884,884,26.22186576127198,0,0,0,0,0,634
885,885,26.244701675481792,0,0,0,0,0,634
886,886,26.253517825021692,0,0,0,0,0,634
887,887,26.32816514539039,0,0,0,0,0,634
888,888,26.316472786160478,0,0,0,0,0,634
889,889,26.330469327532278,0,0,0,0,0,634
890,890,26.313722874291173,0,0,0,0,0,634
891,891,26.276578256654812,0,0,0,0,0,634
892,892,26.27570512673131,0,0,0,0,0,634
893,893,26.26775182662429,0,0,0,0,0,634
894,894,26.35038612226217,0,0,0,0,0,634
895,895,26.326821291009924,0,0,0,0,0,634
896,896,26.33021206874576,0,0,0,0,0,634
897,897,26.25540512819609,0,0,0,0,0,634
898,898,26.18049618128517,0,0,0,0,0,634
899,899,26.161184185690896,0,0,0,0,0,634
900,900,26.12570422138733,0,0,0,0,0,634
901,901,26.14222235326398,0,0,0,0,0,634
902,902,26.206856311345543,0,0,0,0,0,634
903,903,26.205756059220366,0,0,0,0,0,634
904,904,26.228414204495245,0,0,0,0,0,634
905,905,26.234706717877938,0,0,0,0,0,634
906,906,26.251760858988472,0,0,0,0,0,634
907,907,26.376183846984834,0,0,0,0,0,634
908,908,26.379891592525126,0,0,0,0,0,634
909,909,26.335366613504497,0,0,0,0,0,634
910,910,26.310196006308953,0,0,0,0,0,634
911,911,26.289419763418515,0,0,0,0,0,634
912,912,26.253248311286384,0,0,0,0,0,634
913,913,26.258990299549538,0,0,0,0,0,634
914,914,26.297275764757227,0,0,0,0,0,634
915,915,26.26218774652783,0,0,0,0,0,634
916,916,26.26986823038176,0,0,0,0,0,634
917,917,26.314449577759525,0,0,0,0,0,634
918,918,26.198464527739855,0,0,0,0,0,634
919,919,26.20442842175226,0,0,0,0,0,634
920,920,26.26350832926192,0,0,0,0,0,634
921,921,26.268778794516134,0,0,0,0,0,634
922,922,26.28490602191771,0,0,0,0,0,634
923,923,26.245809501954238,0,0,0,0,0,634
924,924,26.242679495947122,0,0,0,0,0,634
925,925,26.288292870503017,0,0,0,0,0,634
926,926,26.286941960088193,0,0,0,0,0,634
927,927,26.324646511570293,0,0,0,0,0,634
928,928,26.35091572919269,0,0,0,0,0,634
929,929,26.322865510850765,0,0,0,0,0,634
930,930,26.212154860607363,0,0,0,0,0,634
931,931,26.20850267474044,0,0,0,0,0,634
932,932,26.216260418037688,0,0,0,0,0,634
933,933,26.176961450228198,0,0,0,0,0,634
934,934,26.231617470961382,0,0,0,0,0,634
935,935,26.157958401857897,0,0,0,0,0,634
936,936,26.157395791585678,0,0,0,0,0,634
937,937,26.18334323609819,0,0,0,0,0,634
938,938,26.182272942177764,0,0,0,0,0,634
939,939,26.110222045805234,0,0,0,0,0,634
940,940,26.174453919792118,0,0,0,0,0,634
941,941,26.184350236650065,0,0,0,0,0,634
942,942,26.187160151108,0,0,0,0,0,634
943,943,26.186306894864664,0,0,0,0,0,634
944,944,26.117167702966917,0,0,0,0,0,634
945,945,26.131355180023633,0,0,0,0,0,634
946,946,26.189536079563027,0,0,0,0,0,634
947,947,26.242136355617408,0,0,0,0,0,634
948,948,26.337259055524637,0,0,0,0,0,634
949,949,26.421237231136693,0,0,0,0,0,634
950,950,26.454329434308512,0,0,0,0,0,634
951,951,26.43067613081206,0,0,0,0,0,634
952,952,26.38268882087927,0,0,0,0,0,634
953,953,26.326397047223818,0,0,0,0,0,634
954,954,26.273612126844196,0,0,0,0,0,634
955,955,26.279453948783193,0,0,0,0,0,634
956,956,26.278257347477737,0,0,0,0,0,634
957,957,26.26609447009436,0,0,0,0,0,634
958,958,26.23625432629625,0,0,0,0,0,634
959,959,26.27203165416995,0,0,0,0,0,634
960,960,26.25186915447992,0,0,0,0,0,634
961,961,26.31222577685354,0,0,0,0,0,634
962,962,26.31496548793033,0,0,0,0,0,634
963,963,26.26942664995885,0,0,0,0,0,634
964,964,26.265938585202846,0,0,0,0,0,634
965,965,26.26531268790695,0,0,0,0,0,634
966,966,26.239209848595348,0,0,0,0,0,634
967,967,26.293527069246714,0,0,0,0,0,634
968,968,26.293527069246714,0,0,0,0,0,634
969,969,26.24708466351189,0,0,0,0,0,634
970,970,26.244249487473013,0,0,0,0,0,634
971,971,26.246982396419984,0,0,0,0,0,634
972,972,26.354511055633765,0,0,0,0,0,634
973,973,26.35645910753236,0,0,0,0,0,634
974,974,26.37651203395683,0,0,0,0,0,634
975,975,26.33794202856294,0,0,0,0,0,634
976,976,26.34077389475318,0,0,0,0,0,634
977,977,26.39121580287706,0,0,0,0,0,634
978,978,26.43100995206666,0,0,0,0,0,634
979,979,26.415708780800436,0,0,0,0,0,634
980,980,26.34533735422444,0,0,0,0,0,634
981,981,26.2970995272389,0,0,0,0,0,634
982,982,26.297504506618555,0,0,0,0,0,634
983,983,26.31517073243942,0,0,0,0,0,634
984,984,26.289432781076638,0,0,0,0,0,634
985,985,26.267294875076907,0,0,0,0,0,634
986,986,26.225754995042323,0,0,0,0,0,634
987,987,26.25566085017558,0,0,0,0,0,634
988,988,26.270186667006936,0,0,0,0,0,634
989,989,26.30110029004278,0,0,0,0,0,634
990,990,26.30662938424068,0,0,0,0,0,634
991,991,26.315534877456358,0,0,0,0,0,634
992,992,26.32388252774416,0,0,0,0,0,634
993,993,26.297255548580686,0,0,0,0,0,634
994,994,26.291975130219562,0,0,0,0,0,634
995,995,26.31156936242206,0,0,0,0,0,634
996,996,26.30649508775361,0,0,0,0,0,634
997,997,26.245514192964155,0,0,0,0,0,634
998,998,26.24557835897662,0,0,0,0,0,634
999,999,26.268749320442808,0,0,0,0,0,634
